Tere Liye,"""Dil Dhapaak""",Jeet-Pritam,Sonu Nigam
Tere Liye,"""Tere Liye (Title Track)""",Jeet-Pritam,Sonu Nigam
Tere Liye,"""Suno Piya""",Jeet-Pritam,"Sonu Nigam, Kavita Krishnamurthy"
Tere Liye,"""Chikna Ajnabi""",Jeet-Pritam,"Sonu Nigam, Kavita Krishnamurthy"
Tere Liye,"""Tere Liye (Sad)""",Jeet-Pritam,"Sonu Nigam, K. K."
Tere Liye,"""Halka Halka Paani""",Jeet-Pritam,"Sonu Nigam, Jaspinder Narula"
Tere Liye,"""Tanha Hoon Yaara""",Jeet-Pritam,Hariharan
Tere Liye,"""Jee Lenge""",Jeet-Pritam,"Sonu Nigam, Kavita Krishnamurthy, K. K., Swastika"
Tere Liye,"""Dil Dhapaak (Remix)""",Jeet-Pritam,Sonu Nigam
Mere Yaar Ki Shaadi Hai,"""Ek Ladki""",Udit Narayan & Alka Yagnik,05:37
Mere Yaar Ki Shaadi Hai,"""Humne Suna Hai""","Udit Narayan, Alka Yagnik, Sudesh Bhonsle & Jaspinder Narula",05:01
Mere Yaar Ki Shaadi Hai,"""Sharara""",Sonu Nigam & Asha Bhosle,04:56
Mere Yaar Ki Shaadi Hai,"""Jaage Jaage (Resham Si Hai Yeh)""","Sonu Nigam, Alka Yagnik & Udit Narayan",05:38
Mere Yaar Ki Shaadi Hai,"""Hum Dono Jaise Kaun Yahan""",KK & Sunidhi Chauhan,05:41
Mere Yaar Ki Shaadi Hai,"""Mere Yaar Ki Shaadi Hai""","Udit Narayan, Sonu Nigam & Alka Yagnik",05:41
Mere Yaar Ki Shaadi Hai,"""Mere Yaar Ki Shaadi Hai (Version 2)""",Sonu Nigam & Shweta Pandit,01:19
Stumped,"""Humko Toh Hai Poora Yakeen""","Anindita Paul, KK, Shaan, Sagarika Mukherjee, Shankar Mahadevan, Shraddha Pandit, Shubha Mudgal, Shweta Pandit, Shweta Shetty, Sunidhi Chauhan, Sudesh Bhosle",4:34
Stumped,"""Stumped""",Sonu Nigam,4:10
Stumped,"""Aise Hi Bada Hua Gavaskar""","KK, Shaan, Pritam, Anjan Shrivastava",4:31
Stumped,"""Ek Sapna (Slow Version)""",Shashwati Phukan,5:16
Stumped,"""Sona Chandi""",Rakesh Pandit,4:05
Stumped,"""Humko Toh Hai Poora Yakeen (Remix)""","Anindita Paul, KK, Shaan, Sagarika Mukherjee, Shankar Mahadevan, Shraddha Pandit, Shubha Mudgal, Shweta Pandit, Shweta Shetty, Sunidhi Chauhan, Sudesh Bhosle",4:34
Stumped,"""Ek Sapna (Remix)""",Kalpana Patowary,5:16
Stumped,"""Yeh Desh Hai Veer Jawano Ka""",Gurdas Maan,3:21
Stumped,"""Naam Apna"" (Hidden Track)",Zubeen Garg,Zubeen Garg,5:55
Stumped,"""Tanha Dil"" (Hidden Track)",Shaan,Shaan,4:55
Stumped,45:24
Mudda – The Issue,"""Khwabon Ki (male version)""",Saurabh Shukla,Hariharan Zubeen Garg,5:26
Mudda – The Issue,"""Khwabon Ki (female version)""",Saurabh Shukla,Kavita Krishnamurthy Zubeen Garg,5:27
Mudda – The Issue,"""Kaise Main Kahoon""",Sanjay Swami,Sumeet Kumar,6:17
Mudda – The Issue,"""Deewangee""",Chandrani Gannguli,Sumeet Kumar,6:06
Mudda – The Issue,"""Kutta Kaate""",Saurabh Shukla,"Sonu Nigam, Saurabh Shukla",4:02
Mudda – The Issue,"""Godanva""",Saurabh Shukla,"Arun Bakshi, Poornima",5:29
Mudda – The Issue,"""Sapne Saare""",Saurabh Shukla,Zubeen Garg,4:13
Mudda – The Issue,"""Deewangee"" (Sad Version)",Chandrani Gannguli,Sumeet Kumar,2:46
Mudda – The Issue,39:46
Fun 2shh: Dudes in the 10th Century,"""Hold, You Will Be Mine""","K. K., Shaan, Sunidhi Chauhan",4:28
Fun 2shh: Dudes in the 10th Century,"""Dhuan Dhuan Sa Sama, Gila Gila Aasman""",K. S. Chithra (background vocals by Sanjeevani),4:58
Fun 2shh: Dudes in the 10th Century,"""Fun2shh"" (Female Version)",Usha Uthup,5:37
Fun 2shh: Dudes in the 10th Century,"""Fun2shh"" (Male Version)",Kunal Ganjawala,5:32
Fun 2shh: Dudes in the 10th Century,"""Hum Hai Fun2shh""","Nitin Raikwar, Vinod Rathod, Kunal Ganjawala",5:09
Fun 2shh: Dudes in the 10th Century,"""Time Kharab Hai""","Sonu Nigam, Farida Jalal, Paresh Rawal,  Iqbal Khan, Anuj Sawhney, Sudesh Bhosle",4:39
Fun 2shh: Dudes in the 10th Century,30:23
Agnipankh,"""Janm Bhumi Pe Jaan Lutate Hai""",Kavita Krishnamurthy,4:$2
Agnipankh,"""Mera Dil Fida Hai Tujhpe"" ((Version 1))",Udit Narayan,4:35
Agnipankh,"""Mera Dil Fida Hai Tujhpe"" ((Version 2))","Vinod Rathod, Udit Narayan",4:28
Agnipankh,"""Rabba""","Zubeen Garg, Jaspinder Narula, Kailash Kher,",6:22
Agnipankh,"""Ishg Ishg Mein""","Zubeen Garg, Salim Merchant, Kailash Kher, Jaspinder Narula",6:30
Agnipankh,"""Zindagi Hai To Maut Aayegi""",Hariharan,5:22
Agnipankh,"""Khamoshi Aashiqo Ki Hai Zabaan"" ((Version 1))","Sonu Nigam, Alka Yagnik",5:44
Agnipankh,"""Khamoshi Aashiqo Ki Hai Zabaan"" ((Version 2))","Sonu Nigam, Sunidhi Chauhan",5:45
Agnipankh,43:28
Raghu Romeo,"""Main Hero Raghu Romeo"" (Performed by Kunal Ganjawala, Lyrics by Sanjeev Sharma)",4:23
Raghu Romeo,"""Strawberry Hoon Main"" (Part 1) Performed by Sunidhi Chauhan, Lyrics by Sanjeev Sharma)",3:44
Raghu Romeo,"""Sweety Ke Koftey""",3:07
Raghu Romeo,"""Jaake Khuda Ke Ghar Pe"" (Qawwali) Performed by Kunal Ganjawala & Gayatri Iyer, Lyrics by Sanjeev Sharma)",2:58
Raghu Romeo,"""Raghus Theme - The Party""",4:22
Raghu Romeo,"""Murder Attempt""",1:00
Raghu Romeo,"""Rain""",0:54
Raghu Romeo,"""Raghu In The City""",1:12
Raghu Romeo,"""Main Mamooli Admi"" (Performed by Kunal Ganjawala & Kavita Krishnamurthy, Lyrics by Sanjeev Sharma)",5:25
Raghu Romeo,"""Raghu In The Studio""",0:55
Raghu Romeo,"""Sweetys Theme""",0:56
Raghu Romeo,"""Purab-Paschim""",1:09
Raghu Romeo,"""Strawberry Hoon Main"" (Part 2) Performed by Sunidhi Chauhan, Lyrics by Sanjeev Sharma)",2:38
Raghu Romeo,"""Mario Comes In""",0:23
Raghu Romeo,"""Happy New Year""",2:43
Raghu Romeo,"""Main Kaise Samjhaoon"" (Performed by Kunal Ganjawala & Gayatri Iyer, Lyrics by Sanjeev Sharma)",1:43
Raghu Romeo,40:32
Dhoom,"""Dhoom Machale Dhoom""","Sunidhi Chauhan, Shankar Mahadevan",6:15
Dhoom,"""Shikdum""","Shaan, Shreya Ghoshal",5:27
Dhoom,"""Dilbara""","Abhijeet Bhattacharya, Sowmya Raoh",4:32
Dhoom,"""Salaame""","Kunal Ganjawala, Vasundhara Das",5:17
Dhoom,"""Shikdum"" (The Bedroom Mix)","KK, Gayatri Ganjawala, Indee",4:19
Dhoom,"""Dilbara"" (Reprisal Edit)","Abhijeet Bhattacharya, Sowmya Raoh, Abhishek Bachchan",4:36
Dhoom,"""Dhoom Dhoom""",Tata Young,3:21
Dhoom,34:27
Chocolate,"""Halka Halka Sa Yeh Sama""",Mayur Puri,"Sonu Nigam, Sunidhi Chauhan",5:10
Chocolate,"""Zahreeli Raatein""",Praveen Bharadwaj,K.K.,4:50
Chocolate,"""Jhuki Jhuki""",Dev Kohli,"Sunidhi Chauhan, Kailash Kher",5:17
Chocolate,"""Mummy""",Mayur Puri,Sunidhi Chauhan,4:43
Chocolate,"""Panaahon Mein Mohabbat Ki""",Praveen Bharadwaj,Kunal Ganjawala,4:12
Chocolate,"""Bheega Bheega""",Ajeet Srivastava,Indee & Sunidhi Chauhan,5:05
Chocolate,"""Halka Halka Sa Yeh Sama"" (Remix)",Mayur Puri,"Sonu Nigam, Sunidhi Chauhan",4:23
Chocolate,"""Khalish""",Mayur Puri,Suzanne & Kunal Ganjawala,5:23
Chocolate,"""Chocolate Theme""",Instrumental,5:03
Chocolate,44:06
Garam Masala,"""Ada (Quote From Amr Diab)""",Sameer,Sonu Nigam,4:45
Garam Masala,"""Chori Chori""",Sameer,"Sukhwinder Singh, Hema Sardesai",4:35
Garam Masala,"""Kiss Me Baby""",Sameer,Adnan Sami,3:39
Garam Masala,"""Falak Dekhun (Quote From Amr Diab)""",Mayur Puri,Sonu Nigam,5:10
Garam Masala,"""Dil Samandar""",Sameer,"KK, Sunidhi Chauhan",5:14
Garam Masala,"""Chori Chori"" (II)",Sameer,Labh Janjua,4:07
Garam Masala,"""Falak Dekhun (Quote From Amr Diab)"" (II)",Mayur Puri,Udit Narayan,5:10
Garam Masala,"""Ada"" (Remix (Quote From Amr Diab))",Sameer,Sonu Nigam,3:46
Garam Masala,"""Kiss Me Baby"" (Remix by DJ Akbar Sami)",Sameer,Adnan Sami,3:40
Ek Khiladi Ek Haseena,"""Ishq Hai Jhootha""",Mayur Puri,Pritam Chakraborty,"Kunal Ganjawala, Sunidhi Chauhan",3:46
Ek Khiladi Ek Haseena,"""Jal Jal Ke Dhuan""",Amitabh Verma,Pritam Chakraborty,"Sonu Nigam, Abrar ul Haq",5:27
Ek Khiladi Ek Haseena,"""Yaaron""",Mayur Puri,Pritam Chakraborty,"Shaan, Sonu Nigam",4:04
Ek Khiladi Ek Haseena,"""Akhiyan Na Maar""",Dev Kohli,Pritam Chakraborty,Sunidhi Chauhan,3:40
Ek Khiladi Ek Haseena,"""Nasha""",Subrat Sinha,Pritam Chakraborty,Sukhwinder Singh,3:55
Ek Khiladi Ek Haseena,"""Jhoom""",Shabbir Ahmed,Pritam Chakraborty,Suzanne D'Mello,4:53
Ek Khiladi Ek Haseena,"""Ishq Hai Jhootha"" (Remix)",Mayur Puri,Pritam Chakraborty,"Kunal Ganjawala, Sunidhi Chauhan",3:27
Ek Khiladi Ek Haseena,"""Jal Jal ke Dhuan"" (Remix)",Amitabh Verma,Pritam Chakraborty,Sonu Nigam,5:32
Ek Khiladi Ek Haseena,"""Akhiyan Na Maar"" (Remix)",Dev Kohli,Pritam Chakraborty,Sunidhi Chauhan,3:38
Fight Club – Members Only,"""Yeh Khuda""",Mayur Puri,K.K,5:04
Fight Club – Members Only,"""Chhore ki baatein""",Mayur Puri,Shweta Pandit & Amit Kumar,4:46
Fight Club – Members Only,"""Joshile Java Ho""",Mayur Puri,Shweta Pandit,5:03
Fight Club – Members Only,"""Bolo Na Tum Zara""",Neelesh Misra,Shaan & Shreya Ghoshal,5:17
Fight Club – Members Only,"""Chhore ki baatein"" (Remix)",Mayur Puri,Shweta Pandit & Amit Kumar,4:25
Fight Club – Members Only,"""Yeh Khuda"" (Remix)",Mayur Puri,K.K,3:57
Fight Club – Members Only,"""Bolo Na Tum Zara"" (Remix)",Neelesh Misra,Shaan & Shreya Ghoshal,5:04
Fight Club – Members Only,33:36
Gangster,"""Tu Hi Meri Shab Hai""",Sayeed Quadri,KK,6:26
Gangster,"""Bheegi Bheegi""",Mayur Puri,James,5:43
Gangster,"""Lamha Lamha""",Neelesh Misra,Abhijeet Bhattacharya,5:23
Gangster,"""Ya Ali""",Sayeed Quadri,Zubeen Garg,4:51
Gangster,"""Tu Hi Meri Shab Hai"" (Euro Mix)",Sayeed Quadri,KK,5:12
Gangster,"""Mujhe Mat Roko""",Sayeed Quadri,Kavita Seth,4:09
Gangster,"""Lamha Lamha (not used in the film)""",Neelesh Misra,Abhijeet Bhattacharya & Sunidhi Chauhan
Gangster,"""Tu Hi Meri Shab Hai"" (Remix)",Sayeed Quadri,KK,5:01
Gangster,45:46
Ankahee,"""Aa Paas Aa""",Shreya Ghoshal,6:33
Ankahee,"""Ankahee""",Kunal Ganjawala,4:06
Ankahee,"""Ankahee – 1""","Shaan, Abrar-ul-Haq",4:56
Ankahee,"""Ek Pal Ke Liye""",KK,5:55
Ankahee,"""Ek Pal""",Sonu Nigam,5:43
Ankahee,"""Ek Pal 2""",Shreya Ghoshal,5:39
Ankahee,"""Lamha""",Babul Supriyo,5:02
Ankahee,"""Tumse Yu Milenge""",Kunal Ganjawala,5:08
Naksha,"""Shake It""","Suzanne D Mello, Kailash Kher & Indee",5:07
Naksha,"""Yaara Ve""",Pritam & Abhishek Nailwal,4:33
Naksha,"""Lets Do Balle Balle"" (Lyrics by Mayur Puri)",Sonu Nigam,3:44
Naksha,"""Jat Yamla""",Sonu Nigam & Shreya Ghoshal,4:28
Naksha,"""Nasha""",Pritam & Alisha Chinai,4:35
Naksha,"""U&I: Dil Se Mile Dil"" (Lyrics by Mayur Puri)",KK & Pritam,3:44
Naksha,"""Shake It (Dhol Club Mix)""",Suzanne D Mello & Kailash Kher,4:12
Naksha,"""Yaara Ve (Tumbi House Mix)""","Zero D.B, Abhishek Nailwal & Kailash Kher",3:35
Naksha,"""Jat Yamla (Remix)""",Sonu Nigam & Shreya Ghoshal,3:51
Naksha,"""Shake Shake (All Ladies in the House)""",Indee,1:35
Naksha,"""U&I"" (Lyrics by Mayur Puri)","Labh Janjua, Rana Mazumder",3:30
Naksha,42:54
Pyaar Ke Side Effects,"""Pyar Karke""","Bob, Labh Janjua, Suzanne D'Mello",4:07
Pyaar Ke Side Effects,"""Dil Tod Ke Na Ja""","Rakesh Pandit, Richa Sharma",4:42
Pyaar Ke Side Effects,"""Jaane Kya""","Zubeen Garg, Caralisa Monteiro",6:14
Pyaar Ke Side Effects,"""Is This Love...(A-Mi-Manera)""","Kunal Ganjawala, Sunidhi Chauhan",5:23
Pyaar Ke Side Effects,"""Pyar Karke..."" (remix)","Bob, Labh Janjua, Suzanne D'Mello",3:40
Pyaar Ke Side Effects,"""Bad Boy"" (remix)","Alisha Chinai, Earl Edgar D'souza, Suzanne D'mello",4:30
Pyaar Ke Side Effects,"""Dil Tod Ke Na Ja"" (remix)",Mika Singh,4:39
Pyaar Ke Side Effects,"""Allah Bachaye""","Alisha Chinai, Suzanne D'mello, Earl Edgar D'souza",3:46
Pyaar Ke Side Effects,"""Bad Boy""","Sophie Choudhary, Earl Edgar D'souza, Suzanne D'mello",3:44
Pyaar Ke Side Effects,40:45
Bas Ek Pal,"""Hai Ishq Ye Kya Ek Khata""",KK and Sunidhi Chauhan,4:22
Bas Ek Pal,"""Zindagi Hosh Main""",KK and Zubeen Garg,4:37
Bas Ek Pal,"""Bas Ek Pal""",KK and Dominique Cerejo,5:36
Bas Ek Pal,"""Ashq Bhi""",KK and Sunidhi Chauhan,4:21
Bas Ek Pal,"""Tere Bin""",Atif Aslam,4:35
Bas Ek Pal,"""Dheeme Dheeme""",KK and Sunidhi Chauhan,5:20
Woh Lamhe...,1,"""Kya Mujhe Pyar Hai""",KK,Pritam & Noah (original)
Woh Lamhe...,2,"""Chal Chale Apne Ghar""",James,Pritam
Woh Lamhe...,3,"""Tu Jo Nahin"" I",Glenn John,Pritam
Woh Lamhe...,4,"""So Jaoon Main"" (Female)",Shreya Ghoshal,Roop Kumar Rathod
Woh Lamhe...,5,"""Tu Jo Nahin"" II",Glenn John,Pritam
Woh Lamhe...,6,"""So Jaoon Main"" (Male)",Kunal Ganjawala,Roop Kumar Rathod
Woh Lamhe...,7,"""Bin Tere Kya Hai Jeena""",Jawad Ahmed,Jawad Ahmed (tune recreated by Pritam)
Woh Lamhe...,8,"""Kya Mujhe Pyar Hai"" (Remix)",KK,Pritam & Noah (original)
Apna Sapna Money Money,"""Dil Mein Baji Guitar""",Shabbir Ahmed,Mika Singh,4:26
Apna Sapna Money Money,"""Dil Mein Baji Guitar - 1""",Shabbir Ahmed,"Amit Kumar, Babul Supriyo",4:25
Apna Sapna Money Money,"""Gustakh Nigah""","Sukhwinder Singh, Alisha Chinoy",5:37
Apna Sapna Money Money,"""Gustakh Nigah - 1""","Sukhwinder Singh, Alisha Chinoy",4:35
Apna Sapna Money Money,"""Jai Jai Money""","Sukhwinder Singh, Rana Mazumder, Bob",4:17
Apna Sapna Money Money,"""Jai Jai Money - 2""","Sukhwinder Singh, Rana Mazumder, Bob",4:47
Apna Sapna Money Money,"""Jai Jai Money - 3""","Sukhwinder Singh, Rana Mazumder, Bob",4:12
Apna Sapna Money Money,"""Paisa Paisa""",Mayur Puri,"Suzanne D'Mello, Hamza Faruqui",4:06
Apna Sapna Money Money,"""Paisa Paisa - 1""",Mayur Puri,"Suzanne D'Mello, Hamza Faruqui",4:32
Apna Sapna Money Money,"""Paisa Paisa - 2""",Mayur Puri,"Suzanne D'Mello, Hamza Faruqui",4:30
Apna Sapna Money Money,"""Saanya Badnaam""",Shabbir Ahmed,"Sunidhi Chauhan, Bob (Rap)",4:09
Apna Sapna Money Money,"""Ganpaat baja na - Additional Instrumental Track by Pritam""",Ganpaat baja na - Additional Instrumental Track by Pritam,Pritam,3:34
Dhoom 2,"""Crazy Kiya Re""","Sunidhi Chauhan, Ravi Khote",04:54
Dhoom 2,"""Touch Me""","KK, Alisha Chinai",05:17
Dhoom 2,"""My Name Is Ali""","Sonu Nigam, Bipasha Basu",04:34
Dhoom 2,"""Dil Laga Na""","Sukhbir, Soham Chakraborty, Jolly Mukherjee, Mahalakshmi Iyer, Suzanne D'Mello",05:04
Dhoom 2,"""Dhoom Again""","Vishal Dadlani, Dominique Cerejo",05:02
Dhoom 2,"""Crazy Kiya Re"" (Remix)",Sunidhi Chauhan,03:57
Dhoom 2,28:50
Bhagam Bhag,"""Tere Bin""","Kunal Ganjawala, Sunidhi Chauhan",5:40
Bhagam Bhag,"""Signal""","Remo Fernandes, Suzanne D'Mello",5:00
Bhagam Bhag,"""Bhagam Bhag""",Neeraj Shridhar,4:39
Bhagam Bhag,"""Afreen"" (The music is taken from ""Heaven on Their Minds"" from Andrew Lloyd Webber's musical, Jesus Christ Superstar.)","KK, Sunidhi Chauhan",6:06
Bhagam Bhag,"""Signal"" (Remix)","Remo Fernandes, Suzanne D'Mello",4:56
Bhagam Bhag,"""Tere Bin"" (Remix)","Kunal Ganjawala, Sunidhi Chauhan",4:44
Bhagam Bhag,"""Afreen"" (Remix)","KK, Sunidhi Chauhan",4:47
Bhagam Bhag,"""Bhagam Bhag"" (Press Play Mix)",Neeraj Shridhar,4:37
Bhagam Bhag,"""Tere Bin"" (Reprised)","Kunal Ganjawala, Shreya Ghoshal",5:46
Bhagam Bhag,"""Bhagam Bhag"" (Ragga Mix)",Neeraj Shridhar,5:01
Bhagam Bhag,"""Chal Ud Chalein"" (Run Run)","Jojo, Suhail Kaul",4:42
Bhagam Bhag,60:05
Hattrick,"""Ek Pal Mein""",KK,5:06
Hattrick,"""Rabba Khair Kare"" (Part 1)",Labh Janjua,3:56
Hattrick,"""Wicket Bacha""",Usha Uthup & Earl D'Souza,4:03
Hattrick,"""Kahan Kho Gaya"" (Part 1)",Soham Chakraborty,5:19
Hattrick,"""I Am Coming Home""","Roop Kumar Rathod, Caralisa Monteiro",6:26
Hattrick,"""Jab Chhaaye Mera Jaadu""",Mahalakshmi Iyer,4:29
Hattrick,"""Rabba Khair Kare"" (Part 2)",Labh Janjua,3:48
Hattrick,"""Kahan Kho Gaya"" (Part 2)",Soham Chakraborty,5:20
Hattrick,"""I Am Coming Home"" (Reprise)",Rana Majumdar,5:21
Hattrick,"""Rabba Khair Kare"" (Remix)",Labh Janjua,3:48
Hattrick,"""Wicket Bacha"" (Club Remix)","Earl D'Souza, Usha Uthup",3:00
Hattrick,50:43
Just Married,"""Ram Milaye Jodi""","Sukhwinder Singh, Sunidhi Chauhan & Shaan",3:57
Just Married,"""Gudgudee""",Sunidhi Chauhan,4:44
Just Married,"""Baat Pakki"" (Version I)",Shaan & Neeraj Shridhar,4:18
Just Married,"""Doha""",Daler Mehndi,3:57
Just Married,"""Baat Pakki"" (Remix)","Shaan, Sunidhi Chauhan, Mahalaxmi Iyer & Sukhwinder Singh",3:56
Just Married,"""Jagte Raho""",Sonu Nigam,5:57
Just Married,"""Ram Milaye Jodi"" (Remix)",Sukhwinder Singh,4:33
Just Married,"""Baat Pakki"" (Version II)","Shaan, Sunidhi Chauhan, Mahalaxmi Iyer & Sukhwinder Singh",4:18
Just Married,"""Ram Milaye Jodi"" (Sad)",Sukhwinder Singh,1:29
Just Married,36:51
Kya Love Story Hai,"""I Miss You Every Day""",Shaan,5:32,Ayesha Takia and Tusshar Kapoor
Kya Love Story Hai,"""It's Rocking""",Alisha Chinoy,4:59,Kareena Kapoor
Kya Love Story Hai,"""Gumsum Hai Dil Mera""",Sonu Nigam,5:14,Ayesha Takia and Tusshar Kapoor
Kya Love Story Hai,"""Aye Khuda""",Kunal Ganjawala,4:17,"Ayesha Takia, Tusshar Kapoor and Karan Hukka"
Kya Love Story Hai,"""Deewana Teri Aankhon Ka""","Joy, Jojo",3:45,Ayesha Takia and Karan Hukka
Kya Love Story Hai,"""Jeena Kya Tere Bina""",Zubeen Garg,6:05,"Ayesha Takia, Tusshar Kapoor and Karan Hukka"
Kya Love Story Hai,"""I Miss You Every Day"" - Remix",Shaan,5:11,Tusshar
Kya Love Story Hai,"""Jeena Kya Tere Bina"" - Remix",Zubeen Garg,5:45
Life in a... Metro,Alvida,Amitabh Verma,KK,N
Life in a... Metro,Alvida (Reprise),Amitabh Verma,Fahruk Mahfuz Anam (James),Y
Life in a... Metro,Baatein Kuch Ankahein Si,Sandeep Srivastava,Adnan Sami,N
Life in a... Metro,Baatein Kuch Ankahein Si (Unplugged),Sandeep Srivastava,Suhail Kaul,Y
Life in a... Metro,Baatein Kuch Ankahein Si (Remix),Sandeep Srivastava,Adnan Sami,N,DJ A-Myth
Life in a... Metro,In Dino,Sayeed Quadri,Soham Chakraborty,Y
Life in a... Metro,In Dino (Reprise),Sayeed Quadri,Roopkumar Rathod,N,Bunty Rajput
Life in a... Metro,Kar Salaam,Sayeed Quadri,Soham Chakraborty Pritam ChakrabortySuhail Kaul,Y
Life in a... Metro,O Meri Jaan,Sandeep Srivastava,KK,N
Life in a... Metro,O Meri Jaan (Reprise),Sandeep Srivastava,Suhail Kaul & K. K.,Y
Life in a... Metro,Rishtey,Sayeed Quadri,Fahruk Mahfuz Anam (James),Y
Life in a... Metro,Rishtey (Remix),Sayeed Quadri,Fahruk Mahfuz Anam (James),N,DJ Nikhil ChinappaDJ Naved
Raqeeb,"""Jaane Kaise""",K.K.,06:14
Raqeeb,"""Channa Ve Channa""",Gayatri Ganjawala,04:34
Raqeeb,"""Dushmana"" (Female)",Sunidhi Chauhan,04:18
Raqeeb,"""Tum Ho""","Tulsi Kumar, Zubeen Garg",05:37
Raqeeb,"""Qatil""",Alisha Chinai,04:24
Raqeeb,"""Dushmana"" (Male)",Kunal Ganjawala,04:23
Raqeeb,"""Channa Ve Channa"" (Remix (Remixed by DJ G, Earl, Edgard G))",Gayatri Ganjawala,04:27
Raqeeb,"""Jaane Kaise"" (Remix (Remixed by DJ G, Earl, Edgard G))",K.K.,04:28
Awarapan,"""Toh Phir Aao (Lounge Version)""",Pritam Chakraborty,Mustafa Zahid,5:55
Awarapan,"""Tera Mera Rishta""",Pritam Chakraborty,Mustafa Zahid,5:47
Awarapan,"""Toh Phir Aao""",Pritam Chakraborty,Mustafa Zahid,5:48
Awarapan,"""Mahiya""",Pritam Chakraborty,Suzanne D'Mello,4:24
Awarapan,"""Maula Maula[a]""",Pritam Chakraborty,Rafaqat Ali Khan,5:24
Awarapan,"""Tera Mera Rishta"" (Remix)",Pritam Chakraborty,Mustafa Zahid,4:54
Awarapan,"""Toh Phir Aao"" (Remix)",Pritam Chakraborty,Mustafa Zahid,5:09
Awarapan,"""Mahiya"" (Remix)",DJ Suketu & Annie Khalid,Annie Khalid,5:12
Awarapan,42:33
Naqaab,1,"""Ek Din Teri Raahon Me """,Javed Ali,Pritam
Naqaab,2,"""Aye Dil Pagal Mere"" (Remix by DJ Suketu)",Sonu Nigam,Pritam
Naqaab,3,"""Aa Dil Se Dil Mila Le""",Alisha Chinoy & Krishna,Pritam
Naqaab,4,"""Ae Dil Pagal Mere"" (Reprise)",Sunidhi Chauhan,Pritam
Naqaab,5,"""Ek Din Teri Raahon Me"" (Remix by DJ A-Myth & Jatin Sharma)",Zubeen Garg,Pritam
Naqaab,6,"""Aa Dil Se Dil Mila Le"" (Remix by DJ Akbar Sami)",Alisha Chinoy & Krishna,Pritam
Naqaab,7,"""Aye Dil Pagal Mere""",Sonu Nigam,Pritam
Naqaab,8,"""Disguised Intentions"" (Instrumental)",Instrumental,Pritam
Dhol,"""Oh Yaara Dhol Bajake""",Mika Singh & Labh Janjua[5],4:12,Irshad Kamil
Dhol,"""Namakool Namakool""",Shaan & Kunal Ganjawala,5:00,Ashish Pandit
Dhol,"""Dhol Bajake"" (Version 2)",Labh Janjua,4:28,Irshad Kamil
Dhol,"""Haadsa""",Sunidhi Chauhan & Akriti Kakkar,5:11,Irshad Kamil
Dhol,"""Bheega Aasman""",Shaan & Vijay Yesudas,5:32,Irshad Kamil
Dhol,"""All Night Long""",Usha Uthup,4:16,Mayur Puri
Dhol,"""Dil Liya Re""",Shreya Ghoshal,5:14,Amitabh Verma
Dhol,"""Dhol Bajake"" (Version 3)",Soham Chakraborty & Suhail Kaul,4:11,Irshad Kamil
Bhool Bhulaiyaa,"""Bhool Bhulaiyaa""",Sameer,"Neeraj Shridhar, Bob",05:12
Bhool Bhulaiyaa,"""Labon Ko Labon Pe""",Sayeed Quadri,K.K.,05:44
Bhool Bhulaiyaa,"""Pyaar Ka Sajda""",Sameer,K.K.,05:12
Bhool Bhulaiyaa,"""Ami Je Tomar/Mere Dholna Sun""",Sameer,"Shreya Ghoshal, M. G. Sreekumar",06:47
Bhool Bhulaiyaa,"""Let's Rock Soniye""",Sameer,"Shaan, Tulsi Kumar",04:27
Bhool Bhulaiyaa,"""Sakiya Re Sakiya""",Sameer,Tulsi Kumar,04:57
Bhool Bhulaiyaa,"""Bhool Bhulaiyaa – Remix""",Sameer,Neeraj Shridhar and Dj A-Myth,05:07
Bhool Bhulaiyaa,"""Allah Hafiz Keh Raha""",Sameer,K.K.,04:34
Bhool Bhulaiyaa,"""Let's Rock Soniye – Remix""",Sameer,"Shaan, Tulsi Kumar and Pritam",04:28
Bhool Bhulaiyaa,"""Pyaar Ka Sajda – Remix""",Sameer,K.K. and DJ Suketu (Arranged by AKS),05:22
Bhool Bhulaiyaa,"""Labon Ko Labon Pe – Remix""",Sayeed Quadri,"K.K., DJ Kiran, DJ G and Earl",05:17
Bhool Bhulaiyaa,52:65
Jab We Met,"""Mauja Hi Mauja""",Mika Singh,4:04
Jab We Met,"""Tum Se Hi""",Mohit Chauhan,5:23
Jab We Met,"""Yeh Ishq Haye""",Shreya Ghoshal,4:44
Jab We Met,"""Nagada Nagada""","Sonu Nigam, Javed Ali",3:51
Jab We Met,"""Aao Meelon Chalein""","Shaan, Ustad Sultan Khan",5:28
Jab We Met,"""Aaoge Jab Tum (Music by Sandesh Shandilya, Lyrics by Faaiz Anwar)""",Rashid Khan,4:25
Jab We Met,"""Tum Se Hi (Remix)""",Mohit Chauhan,4:21
Jab We Met,"""Yeh Ishq Haye (Remix)""","Shreya Ghoshal, Antara Mitra",4:31
Jab We Met,"""Mauja Hi Mauja (Remix)""",Mika Singh,4:07
Jab We Met,"""Tum Se Hi (Instrumental)""",Instrumental,4:53
Jab We Met,44:27
Dhan Dhana Dhan Goal,Billo Rani,"Anand Raj Anand, Richa Sharma",5:33
Dhan Dhana Dhan Goal,Halla Bol,Daler Mehndi,5:05
Dhan Dhana Dhan Goal,Hey Dude,Devrat,5:00
Dhan Dhana Dhan Goal,Ishq Ka Kalma,Neeraj Shridhar,4:44
Dhan Dhana Dhan Goal,Tara Ru,Javed,3:51
Dhan Dhana Dhan Goal,Billo Rani (Remix),"Anand Raj Anand, Richa Sharma",4:42
My Name is Anthony Gonsalves,1,Allah Beley,KK
My Name is Anthony Gonsalves,2,Jaane Maula Jaane Khuda (another version by Remo Fernandes),Amit Kumar
My Name is Anthony Gonsalves,3,Tum Mile (music by: Himesh Reshammiya),"Sunidhi Chauhan, KK"
My Name is Anthony Gonsalves,4,Tere Bina,Sunidhi Chauhan
My Name is Anthony Gonsalves,5,Ya Baba,"Sunidhi Chauhan, Shaan"
My Name is Anthony Gonsalves,6,Tum Mile Remix (music by: Himesh Reshammiya),"KK, Sunidhi Chauhan (Remixed By: Abhijit Vagani)"
My Name is Anthony Gonsalves,7,Ya Baba Remix,Sunidhi Chauhan (Remixed By: Joshilay)
Bombay to Bangkok,"""We Are Same Same but different""",Salim-Sulaiman,KK and Shreyas Talpade
Bombay to Bangkok,"""Dheere Dheere""",Ronnie-Shirish,Zubeen Garg
Bombay to Bangkok,"""Jaani O Jaani""",Salim-Sulaiman,Zubeen Garg
Bombay to Bangkok,"""Dil Ka Haal Sune Dil Dilwala""",Pritam,Sonu Nigam and Sunidhi Chauhan
Bombay to Bangkok,"""Bombay Ho Bangkok""",Sukhwinder Singh,Sukhwinder Singh
Race,"""Zara Zara Touch Me""","Monali Thakur, Earl Edgar, Pritam",04:25
Race,"""Pehli Nazar Mein""","Atif Aslam, Clinton Cerejo",05:10
Race,"""Khwab Dekhe (Sexy Lady)""","Pritam, Neeraj Shridhar, Monali Thakur",04:37
Race,"""Race Saanson Ki""","Sunidhi Chauhan, Neeraj Shridhar",04:44
Race,"""Race Is on My Mind""","Sunidhi Chauhan, Neeraj Shridhar",04:54
Race,"""Mujh Pe Toh Jadoo (not in the film)""","Sunidhi Chauhan, Apache Indian, Taz",04:36
Race,"""Dekho Nashe Mein""","Sunidhi Chauhan, KK, Shaan",04:17
Race,"""Race Theme""",Abrar ul Haq,02:12
Race,"""Pehli Nazar Mein"" (Club Mix)",Atif Aslam,04:08
Race,"""Pehli Nazar Mein"" (Lounge Mix)",Atif Aslam,04:22
Race,"""Zara Zara Touch Me"" (Asain RnB Mix)","Monali Thakur, Earl Edgar, Pritam",03:55
Race,"""Zara Zara Touch Me"" (Remix)","Monali Thakur, Earl Edgar, Pritam",04:46
Race,"""Dekho Nashe Mein"" (Asain RnB Mix)",Silk Route,04:19
Race,"""Dekho Nashe Mein"" (Latin Fiesta Mix)","Sunidhi Chauhan, KK, Shaan",04:05
Race,"""Mujh Pe To Jadoo"" (Remix)","Sunidhi Chauhan, Apache Indian, Taz",04:20
Race,"""Race Is on My Mind"" (Remix)","Sunidhi Chauhan, Neeraj Shridhar",04:26
Race,"""Race Saanson Ki"" (Remix)","Sunidhi Chauhan, Neeraj Shridhar",04:27
Race,1:08:59
Bhram,1,"""Jaane Kaisa Hai Tu""",Shaan,5:24
Bhram,2,"""I Am A Bad Boy""","Suraj Jagan , Earl D'Souza, Sunaina",4:38
Bhram,3,"""Meri Akhiyaan""",Richa Sharma,4:13
Bhram,4,"""Teri Aankhon Ki Narmi""",Siddharth Suhas,4:22
Bhram,5,"""Lagdaa Naa Lagdaa """,KK,4:58
Bhram,6,"""Jaane Kyun Tanha Ho Gaye""",Sonu Nigam,5:57
Haal-e-Dil,"""Haal-E-Dil – 1""",Munna Dhiman,Vishal Bhardwaj,"Rahat Fateh Ali Khan, Shreya Ghoshal",7:39
Haal-e-Dil,"""Jeeta Hoon""",Sameer,Anand Raj Anand,"Sonu Nigam, Pamela Jain",4:24
Haal-e-Dil,"""Agg Lage Aaj Kal De Fashion Nu""",Shabbir Ahmed,Pritam,"Labh Janjua, Hard Kaur",3:48
Haal-e-Dil,"""Rang""",Aditya Dhar,Raghav Sachar,Sonu Nigam,4:27
Haal-e-Dil,"""Oye Hoye""",Sameer,Anand Raj Anand,"Udit Narayan, Pamela Jain",3:55
Haal-e-Dil,"""Rani""",Sameer,Anand Raj Anand,Sonu Nigam,4:18
Haal-e-Dil,"""Khwahish""",Aditya Dhar,Raghav Sachar,"Shaan, Sunidhi Chauhan, Raghav Sachar",4:34
Haal-e-Dil,"""Rang (Remix)""",Aditya Dhar,Raghav Sachar,Raghav Sachar,3:38
Haal-e-Dil,"""Haal-E-Dil – 2""",Munna Dhiman,Vishal Bhardwaj,Rekha Bhardwaj,7:06
Kismat Konnection,1,"""Move Your Body Now""","Shaan, Akriti Kakar & Hard Kaur",04:06
Kismat Konnection,2,"""Soniye Ve""",Sonu Nigam & Sunidhi Chauhan,04:06
Kismat Konnection,3,"""Bakhuda Tumhi Ho""",Atif Aslam & Alka Yagnik,04:52
Kismat Konnection,4,"""Aai Paapi""",Neeraj Shridhar,04:20
Kismat Konnection,5,"""Is This Love""",Shreya Ghoshal & Mohit Chauhan,05:29
Kismat Konnection,6,"""Bakhuda Tumhi Ho – Fresh Mix""",Atif Aslam & Alka Yagnik,05:46
Kismat Konnection,7,"""Aai Paapi – Dance Mix""",Neeraj Shridhar,03:45
Kismat Konnection,8,"""Move Your Body Now – Hip Hop Mix""","Shaan, Adeel Chaudhry, Suhail Kaul, Hard Kaur & Akriti Kakar",03:35
Kismat Konnection,9,"""Kahin Na Laage Mann – Lounge Mix""",Shreya Ghoshal & Mohit Chauhan,05:52
Kismat Konnection,10,"""Soniye Ve – Electro Dhol Mix""",Sonu Nigam & Sunidhi Chauhan,03:58
Singh Is Kinng,"""Singh Is Kinng""","Snoop Dogg, RDB, Akshay Kumar",04:55
Singh Is Kinng,"""Jee Karda""","Suzanne D'Mello, Labh Janjua",04:51
Singh Is Kinng,"""Bas Ek Kinng""","Mika Singh, Neeraj Shridhar, Hard Kaur, Ashish Pandit",04:41
Singh Is Kinng,"""Teri Ore""","Shreya Ghoshal, Rahat Fateh Ali Khan",05:40
Singh Is Kinng,"""Bhootni Ke""",Daler Mehndi,05:08
Singh Is Kinng,"""Talli Hua""","Labh Janjua, Neeraj Shridhar",04:50
Singh Is Kinng,"""Bas Ek Kinng"" (Tiger Style Mix)","Mika Singh, Neeraj Shridhar, Hard Kaur, Ashish Pandit",04:04
Singh Is Kinng,"""Bhootni Ke"" (Tiger Style Mix)",Mika Singh,04:46
Singh Is Kinng,"""Talli Hua"" (Jay Dabhi Mix)","Labh Janjua, Neeraj Shridhar, Stylebhai",04:33
Singh Is Kinng,"""Jee Karda"" (Remix)","Suzanne D'Mello, Labh Janjua",04:52
Singh Is Kinng,"""Teri Ore"" (Lounge Remix)","Shreya Ghoshal, Rahat Fateh Ali Khan",06:09
Singh Is Kinng,"""Bhootni Ke"" (Remix)",Daler Mehndi,03:54
Singh Is Kinng,58:23
Mukhbiir,"""Tu Salaamat""",Pritam Chakraborty,KK,6:18
Mukhbiir,"""Jeena""",Sandeep Chowta,Sonu Kakkar,5:03
Mukhbiir,"""Dhoonde Dil""",Shashi Preetam,Hariharan,6:44
Mukhbiir,"""Tere Bina""",Karthik Raja,Madhushree,4:21
Mukhbiir,"""Piya Mera Banjaara""",Karthik Raja,Sonu Kakkar,5:15
Mukhbiir,27:41
Kidnap,"""Haan Ji""",Adnan Sami,Mayur Puri,4:06
Kidnap,"""Hey Ya""",Suzanne D'Mello,Mayur Puri,4:15
Kidnap,"""Hey Ya"" (House Mix)",Suzanne D'Mello,Mayur Puri,4:09
Kidnap,"""Mausam""",Shreya Ghoshal,Mayur Puri,4:27
Kidnap,"""Meri Ek Ada Shola""","Sukhwinder Singh, Sunidhi Chauhan & Akriti Kakar",Mayur Puri,5:18
Kidnap,"""Mit Jaaye""",Sandeep Vyas,Sandeep Vyas,4:00
Kidnap,"""Mit Jaaye"" (Rock Version)",Sandeep Vyas,Sandeep Vyas,4:18
Golmaal Returns,1,"""Tha Kar Ke""","Neeraj Shridhar, Anwesha Datta Gupta, Akriti Kakkar, Earl, Indie",4:24,Pritam Chakraborty
Golmaal Returns,2,"""Vacancy""","Neeraj Shridhar, Benny Dayal, Suhail Kaul, Suzanne D'Mello",5:04,Pritam Chakraborty
Golmaal Returns,3,"""Tu Saala""",Anushka Manchanda,3:27,Pritam Chakraborty
Golmaal Returns,4,"""Meow""","Monali Thakur, Suzanne D'Mello",4:24,Pritam Chakraborty
Golmaal Returns,5,"""Meow"" (English version)",Suzanne D'Mello,4:22,Pritam Chakraborty
Golmaal Returns,6,"""Vacancy"" (Kilogram Mix)","Neeraj Shridhar, Benny Dayal, Suhail Kaul, Suzanne D'Mello",4:49,Pritam Chakraborty
Golmaal Returns,7,"""Tha Kar Ke"" (Remix)","Neeraj Shridhar, Anwesha Datta Gupta, Akriti Kakkar, Earl, Indie",4:26,Pritam Chakraborty
Golmaal Returns,8,"""Meow"" (Remix)","Monali Thakur, Suzanne D'Mello",4:54,Pritam Chakraborty
Golmaal Returns,9,"""Tu Saala"" (Remix)",Anushka Manchanda,2:46,Pritam Chakraborty
Billu,"""Marjaani""",Gulzar,Sukhwinder Singh & Sunidhi Chauhan,5:24
Billu,"""Love Mera Hit Hit""","Ashish Pandit, Mayur Puri",Neeraj Shridhar & Tulsi Kumar,4:46
Billu,"""You Get Me Rocking & Reeling""",Sayeed Quadri,Neeraj Shridhar & Dominique Cerejo,4:46
Billu,"""Ae Aa O""",Neeraj Shridhar,"K.K., Suraj Jagan & Rana Mazumder",4:59
Billu,"""Jaaun Kahan""",Sayeed Quadri,Rahat Fateh Ali Khan,5:32
Billu,"""Billu Bhayankar""",Gulzar,"Ajay Jhingran, Kalpana Patowary & Raghuveer",5:52
Billu,"""Khudaya Khair""",Gulzar,"Soham Chakraborty, Monali Thakur & Akriti Kakar",4:41
Billu,"""You Get Me Rocking & Reeling (Video Edit)""",Sayeed Quadri,Neeraj Shridhar & Dominique Cerejo,4:46
Billu,"""Love Mera Hit Hit"" (House Mix)","Ashish Pandit, Mayur Puri",Neeraj Shridhar & Tulsi Kumar,4:59
Billu,"""Marjaani (Kilogram's Balkan Mix)""",Gulzar,K.K.& Akriti Kakar,4:13
Billu,"""Khudaya Khair (Reprise)""",Gulzar,"Abhijeet Bhattacharya, Akriti Kakar",4:25
Billu,"""You Get Me Rocking & Reeling (Remix)""",Sayeed Quadri,Neeraj Shridhar & Dominique Cerejo,4:03
Billu,"""Ae Aa O (Remix)""",Neeraj Shridhar,"K.K., Suraj Jagan & Rana Mazumder",5:31
Billu,"""Marjaani (Electro Mix)""",Gulzar,Sukhwinder Singh & Sunidhi Chauhan,4:46
Billu,"""Love Mera Hit Hit (Remix)""","Ashish Pandit, Mayur Puri",Neeraj Shridhar & Tulsi Kumar,4:38
Aa Dekhen Zara,1.,"""Gazab""",Sunidhi Chauhan & Shaan,Pritam,Irshad Kamil
Aa Dekhen Zara,2.,"""Rock The Party""",Sunidhi Chauhan & Shweta Vijay,Gaurav Dasgupta,Sheershak Anand
Aa Dekhen Zara,3.,"""Power""",Dibyendu Mukharjee,Gaurav Dasgupta,Syed Gulrez & Prashant Pandey
Aa Dekhen Zara,4.,"""Aa Dekhen Zara"" (Lounge Mix)",Dibyendu Mukherji & Shweta Vijay,Gaurav Dasgupta,Sheershak Anand & Anand Bakshi
Aa Dekhen Zara,5.,"""Mohabbat Aapse""",Akriti Kakkar,Pritam,Irshad Kamil
Aa Dekhen Zara,6.,"""Power"" (Club Mix)",Dibyendu Mukharjee,Gaurav Dasgupta,Syed Gulrez & Prashant Pandey
Aa Dekhen Zara,7.,"""Gazab"" (Club Mix)",Sunidhi Chauhan & Shaan,Pritam,Irshad Kamil
Aa Dekhen Zara,8.,"""Aa Dekhen Zara""",Neil Nitin Mukesh & Sunaina,Gaurav Dasgupta,Sheershak Anand & Anand Bakshi
New York,"""Hai Junoon""",Sandeep Shrivastava,Pritam Chakraborty,K.K.,5:31
New York,"""Mere Sang""",Sandeep Shrivastava,Pritam Chakraborty,Sunidhi Chauhan,6:28
New York,"""Tune Jo Na Kaha""",Sandeep Shrivastava,Pritam Chakraborty,Mohit Chauhan,5:10
New York,"""Aye Saaye Mere""",Junaid Wasi,Pankaj Awasthi,Pankaj Awasthi,5:45
New York,"""Hai Junoon"" (Remix by Julius Packiam)",Sandeep Shrivastava,Pritam Chakraborty,K.K.,6:09
New York,"""Mere Sang"" (Remix by Julius Packiam)",Sandeep Shrivastava,Pritam Chakraborty,Sunidhi Chauhan,5:55
New York,"""Sam's Theme""",Caralisa Monteiro,Julius Packiam,Caralisa Monteiro,4:05
New York,"""New York Theme""",Instrumental,Julius Packiam,Instrumental,3:09
New York,42:12
Love Aaj Kal,"""Twist""","Neeraj Shridhar, Suzanne D'Mello, Saif Ali Khan (Additional Vocals)",5:01
Love Aaj Kal,"""Chor Bazaari""","Neeraj Shridhar, Sunidhi Chauhan",4:19
Love Aaj Kal,"""Aahun Aahun""","Master Saleem, Neeraj Shridhar, Suzanne D'Mello",4:45
Love Aaj Kal,"""Dooriyaan""",Mohit Chauhan,5:36
Love Aaj Kal,"""Aaj Din Chadheya""",Rahat Fateh Ali Khan,5:17
Love Aaj Kal,"""Thoda Thoda Pyaar""",Sunidhi Chauhan,4:04
Love Aaj Kal,"""Main Kya Hoon""",KK,5:48
Love Aaj Kal,"""Twist"" (Remix)",Neeraj Shridhar,4:04
Love Aaj Kal,"""Chor Bazaari"" (Remix)","Neeraj Shridhar, Sunidhi Chauhan",3:50
Love Aaj Kal,"""Aahun Aahun"" (Remix)","Master Saleem, Neeraj Shridhar",4:36
Life Partner,01,"""Kuke Kuke""","Shaan, Antara Mitra",04:22
Life Partner,02,"""Teri Meri Yeh Zindagi""",Soham Chakrabarty & Shreya Ghoshal,04:32
Life Partner,03,"""Aage Aage""","Mika Singh, Soham Chakraborty, Antara Mitra",03:59
Life Partner,04,"""Gunji Aangna Mein Shehnai""","Sunidhi Chauhan, Keerthi Sagathia",05:11
Life Partner,05,"""Poorza Poorza""","Sunidhi Chauhan, Kunal Ganjawala",04:41
Life Partner,06,"""Kuke Kuke"" (Remix)","Shaan, Debojeet Dutta, Antara Mitra",05:01
Life Partner,07,"""Poorza Poorza"" (Remix)","Sunidhi Chauhan, Kunal Ganjawala",04:26
Love Khichdi,"""Jazeeren""",Alisha Chinai,4:39
Love Khichdi,"""Zarasa Halkasa""",Shreya Ghoshal,5:06
Love Khichdi,"""Yo Baby""",Shaan,5:17
Love Khichdi,"""Mujh Jaisa Hero""","Mahalakshmi Iyer, Rao Gopal Rao",9:38
Love Khichdi,"""Kyon""",Sunitha Sarathy,5:24
Dil Bole Hadippa!,"""Gym Shim""",Joshilay,03:17
Dil Bole Hadippa!,"""Bhangra Bistar""","Alisha Chinoy, Sunidhi Chauhan, Hard Kaur",04:45
Dil Bole Hadippa!,"""Ishq Hi Hai Rab""","Sonu Nigam, Shreya Ghoshal, Mukhtar Sahota",05:25
Dil Bole Hadippa!,"""Discowale Khisko""","KK, Sunidhi Chauhan, Rana Mazumder",04:26
Dil Bole Hadippa!,"""Hadippa""",Mika Singh,04:08
Dil Bole Hadippa!,"""Discowale Khisko"" (Remix)",Master Saleem,04:14
Dil Bole Hadippa!,"""Hadippa"" (Remix)","Mika Singh, Sunidhi Chauhan",04:17
All the Best: Fun Begins,"""All The Best""","Soham Chakraborty, Rana Majumder, Antara Mitra",4:51
All the Best: Fun Begins,"""Dil Kare""","Suraj Jagan, Rupam Islam",5:04
All the Best: Fun Begins,"""Haan Main Jitni Martaba""","KK, Yashita Yashpal"
All the Best: Fun Begins,"""Kyon""",Clinton Cerejo
All the Best: Fun Begins,"""You Are My Love""","Neeraj Shridhar, Kunal Ganjawala, Alisha Chinoy, Rajesh, Antra Mali",3:04
All the Best: Fun Begins,"""Dil Kare (Remix)""","Suraj Jagan, Rupam Islam",4:56
All the Best: Fun Begins,"""Haan Main Jitni Martaba (Remix)""","KK, Yashita Yashpal",4:29
Ajab Prem Ki Ghazab Kahani,"""Main Tera Dhadkan Teri""","K.K, Sunidhi Chauhan & Hard Kaur",4:33
Ajab Prem Ki Ghazab Kahani,"""Tu Jaane Na""",Atif Aslam,5:41
Ajab Prem Ki Ghazab Kahani,"""Oh By God""",Sunidhi Chauhan & Mika Singh,4:58
Ajab Prem Ki Ghazab Kahani,"""Tera Hone Laga Hoon""","Atif Aslam, Alisha Chinai, Joi Barua &  Parineeta Borthakur",4:56
Ajab Prem Ki Ghazab Kahani,"""Prem Ki Naiyya""",Neeraj Shridhar & Suzanne D'Mello,4:06
Ajab Prem Ki Ghazab Kahani,"""Aa Jao Meri Tamanna""",Javed Ali & Jojo,4:02
Ajab Prem Ki Ghazab Kahani,"""Follow Me""",Hard Kaur,2:52
Ajab Prem Ki Ghazab Kahani,"""Tu Jaane Na"" (Reprise)","Soham, Rana Mazumdar & Ashish Pandit",5:43
Ajab Prem Ki Ghazab Kahani,"""Main Tera Dhadkan Teri"" (Remix)","KK, Sunidhi Chauhan & Hard Kaur",5:04
Ajab Prem Ki Ghazab Kahani,"""Tu Jaane Na"" (Remix)",Atif Aslam,6:06
Ajab Prem Ki Ghazab Kahani,"""Prem Ki Naiyya"" (Remix)",Neeraj Shridhar & Suzanne D'Mello,4:31
Ajab Prem Ki Ghazab Kahani,"""Tera Hone Laga Hoon"" (Remix)","Atif Aslam, Alisha Chinai & Joi Barua",4:46
Ajab Prem Ki Ghazab Kahani,"""Aa Jao Meri Tamanna"" (Remix)",Javed Ali & Jojo,3:44
Ajab Prem Ki Ghazab Kahani,"""Tu Jaane Na"" (Unplugged Version)","Kailash Kher, Paresh Kamath & Naresh",5:33
Ajab Prem Ki Ghazab Kahani,66:35
De Dana Dan,"""Rishte Naate""",Sayeed Quadri,"Rahat Fateh Ali Khan, Suzanne D'Mello",4:42
De Dana Dan,"""Paisa Paisa  (Composed by RDB, Music Produced by Pritam) ""","Manak-E, RDB, Selina","Manak-E, RDB, Selina",3:54
De Dana Dan,"""Gale Lag Ja""",Ashish Pandit,"Javed Ali, Banjyotsna",4:12
De Dana Dan,"""Baamulaiza""",Irshad Kamil,"Mika Singh, Dominique Cerejo, Style Bhai",4:50
De Dana Dan,"""Hotty Naughty""",Neeraj Shridhar,Sunidhi Chauhan,3:38
De Dana Dan,"""Rishte Naate"" (Remix)",Sayeed Quadri,"Kunal Ganjawala, Suzanne D'Mello",4:25
De Dana Dan,"""Baamulaiza"" (Ragga Mix)",Irshad Kamil,"Mika Singh, Dominique Cerejo, Style Bhai",5:17
De Dana Dan,"""Gale Lag Ja"" (Version 2)",Ashish Pandit,"Javed Ali, Banjyotsna, Dominique Cerejo",4:22
De Dana Dan,"""Hotty Naughty (Remix)""",Neeraj Shridhar,Kalpana Patowary,3:46
De Dana Dan,"""Baamulaiza (Remix)""",Irshad Kamil,"Mika Singh, Dominique Cerejo, Style Bhai",4:24
De Dana Dan,"""De Dana Dan (Composed by Ad Boys)""",Sameer,Ad Boys,4:06
De Dana Dan,"""Paisa Paisa (Club Mix) (Composed by RDB)""","Manak-E, RDB, Selina","Manak-E, RDB, Selina"
Chance Pe Dance,"""Pe... Pe... Pepein....""",Kumaar,Pritam,"Neeraj Shridhar, Master Saleem, Hard Kaur",04:21
Chance Pe Dance,"""Pump It Up""",Irfaan Siddiqui,Adnan Sami Khan,Vishal Dadlani,04:46
Chance Pe Dance,"""Pal Mein Hi""",Irfaan Siddiqui,Adnan Sami Khan,"Soham Chakraborty, Shreya Ghoshal",04:04
Chance Pe Dance,"""One More Dance""",Irfaan Siddiqui,Adnan Sami Khan,"Kunal Ganjawala, Joi Barua",03:37
Chance Pe Dance,"""Yaba Daba Yahoo""",Irfaan Siddiqui,Adnan Sami Khan,Kunal Ganjawala,03:56
Chance Pe Dance,"""Rishta Hai Mera""",Irfaan Siddiqui,Adnan Sami Khan,"Shaan, Tulsi Kumar",04:05
Chance Pe Dance,"""Just Do It""",Amitabh Bhattacharya,"Sandeep Shirodkar, Ken Ghosh",Earl D'Souza,01:57
Chance Pe Dance,"""Pump It Up"" (Remix)",Irfaan Siddiqui,Adnan Sami Khan [Remixed By – DJ A-Myth],Vishal Dadlani,05:08
Chance Pe Dance,"""Pe... Pe... Pepein...."" (Duet)",Kumaar,Pritam,"Neeraj Shridhar, Master Saleem, Tulsi Kumar, Hard Kaur",04:22
Toh Baat Pakki!,1,"""Jis Din""",Mayur Puri,Mika Singh
Toh Baat Pakki!,2,"""Phir Se II""",Sayeed Quadri,Sonu Nigam
Toh Baat Pakki!,3,"""Dil Le Jaa""",Shabbir Ahmed,"Jassi Sidhu, Javed Ali, Indee & Shilpa Rao"
Toh Baat Pakki!,4,"""Karle Mujhse Pyaar""",Sayeed Quadri,"Pritam Chakraborty, Rana Mazumder & Soham Chakrabarty"
Toh Baat Pakki!,5,"""Phir Se"" (Remix)",Sayeed Quadri,Sonu Nigam
Toh Baat Pakki!,6,"""Jis Din"" (Remix)",Mayur Puri,Mika Singh
Toh Baat Pakki!,7,"""Dil Le Jaa"" (Remix)",Shabbir Ahmed,"Jassi Sidhu, Javed Ali, Indee & Shilpa Rao"
Toh Baat Pakki!,8,"""Karle Mujhse Pyaar"" (Remix)",Sayeed Quadri,"Pritam Chakraborty, Rana Mazumder & Soham Chakrabarty"
Toh Baat Pakki!,9,"""Aarti"" (Traditional)",Antara Mitra
Toh Baat Pakki!,10,"""Phir Se I""",Sayeed Quadri,Rahat Fateh Ali Khan
Toh Baat Pakki!,11,"""Phir Se"" (Duet)",Sayeed Quadri,"Rahat Fateh Ali Khan, Sonu Nigam"
Atithi Tum Kab Jaoge?,"""Atithi Tum Kab Jaoge""",Amit Mishra,Amit Mishra
Atithi Tum Kab Jaoge?,"""Jyoti Jalaile""",Sukhwinder Singh,Amit Mishra
Atithi Tum Kab Jaoge?,"""Aaja Aaja""","Raghuvir Yadav, Ajay Jhingran & Rajneesh",Pritam Chakraborty
Atithi Tum Kab Jaoge?,"""Dohe""",Amit Mishra,Amit Mishra
Atithi Tum Kab Jaoge?,"""Sukhakarta""",Amit Mishra,Amit Mishra
Atithi Tum Kab Jaoge?,"""Aaja Aaja (remix)""","Raghuvir Yadav, Ajay Jhingran & Rajneesh",Pritam Chakraborty
Badmaash Company,"""Ayaashi""",KK,04:24
Badmaash Company,"""Jingle Jingle""","Mohit Chauhan, Master Saleem, Monali Thakur",04:27
Badmaash Company,"""Chaska""",Krishna Beura,05:14
Badmaash Company,"""Fakeera""",Rahat Fateh Ali Khan,04:38
Badmaash Company,"""Badmaash Company""","Benny Dayal, Anushka Manchanda",03:58
Badmaash Company,"""Ayaashi"" (Remix)",KK,04:12
Badmaash Company,"""Chaska"" (Remix)",Krishna Beura,03:49
Raajneeti,1,"""Bheegi Si Bhaagi Si""","Mohit Chauhan, Antara Mitra",Pritam,Irshad Kamil,04:37
Raajneeti,2,"""Mora Piya"" (Male)","Aadesh Shrivastava, Shashi, Rosalie Nicholson",Aadesh Shrivastava,Sameer,05:44
Raajneeti,3,"""Mora Piya"" (Female)",Kavita Seth,04:17
Raajneeti,4,"""Ishq Barse""","Pranab Biswas, Hamsika Iyer, Swanand Kirkire",Shantanu Moitra,Swanand Kirkire,04:36
Raajneeti,5,"""Dhan Dhan Dharti""",Shankar Mahadevan,Wayne Sharpe,Gulzar,04:41
Raajneeti,6,"""Ishq Barse Club Mix"" (The Bombay Bounce Club Mix)","Pronob Biswas, Hamsika Iyer, Swanand Kirkire",Shantanu Moitra,Swanand Kirkire,03:53
Raajneeti,7,"""Dhan Dhan Dharti Reprise"" (Call of the Soil)",Sonu Nigam,Wayne Sharpe,Gulzar,04:35
Raajneeti,8,"""Mora Piya Remix” (Male)","Aadesh Shrivastava, Shashi",Aadesh Shrivastava,Sameer,04:32
Raajneeti,9,"""Mora Piya Remix” (Female)",Kavita Seth,04:17
Khatta Meetha,"""Nana Chi Taang""",Kunal Ganjawala feat. U.R.L. (Rap Composition + Rap Lyrics + Rap Vocals),5:01
Khatta Meetha,"""Sajde Kiye""","K.K., Sunidhi Chauhan, Backing Vocals: Shahid Mallya",5:07
Khatta Meetha,"""Bullshit (Music by: Shani Arshad)""",Shehzad Roy (Vocals + Lyrics),3:55
Khatta Meetha,"""Aila Re Aila""",Daler Mehndi and Kalpana Patowary,4:22
Khatta Meetha,"""Nana Chi Taang"" (Remix)",Kunal Ganjawala feat. U.R.L. (Rap Composition + Rap Lyrics + Rap Vocals),4:05
Khatta Meetha,"""Sajde Kiye"" (Remix)","KK, Harshdeep Kaur and Suzanne D'Mello",4:39
Khatta Meetha,"""Aila Re Aila"" (Remix)",Daler Mehndi and Kalpana Patowary,4:00
Khatta Meetha,"""Nachde Re"" (instrumental)",DJ Suketu,3:09
Once Upon a Time in Mumbaai,"""Tum Jo Aaye Zindagi Mein""",Irshad Kamil,"Rahat Fateh Ali Khan, Tulsi Kumar",4:48
Once Upon a Time in Mumbaai,"""Pee Loon"" (Male)",Irshad Kamil,Mohit Chauhan,4:48
Once Upon a Time in Mumbaai,"""I Am in Love""",Neelesh Misra,Karthik,5:02
Once Upon a Time in Mumbaai,"""Parda""",Irshad Kamil,"Sunidhi Chauhan, Rana Mazumder",5:23
Once Upon a Time in Mumbaai,"""Baburao Mast Hai""",Amitabh Bhattacharya,Mika Singh,4:49
Once Upon a Time in Mumbaai,"""Tum Jo Aaye Zindagi Mein"" (Reprise)",Irshad Kamil,Rahat Fateh Ali Khan,4:30
Once Upon a Time in Mumbaai,"""I Am In Love"" (Reprise)",Neelesh Misra,"KK, Dominique Cerejo",4:47
Once Upon a Time in Mumbaai,"""Pee Loon"" (Female)",Irshad Kamil,Tulsi Kumar,1:45
Once Upon a Time in Mumbaai,"""Pee Loon"" (Remixed By DJ A-myth)",Irshad Kamil,Mohit Chauhan,4:09
Once Upon a Time in Mumbaai,"""I Am In Love"" (Dance Version)",Neelesh Misra,"KK, Dominique Cerejo",5:29
Once Upon a Time in Mumbaai,"""I Am In Love"" (Female)",Neelesh Misra,Tulsi Kumar,2:02
Once Upon a Time in Mumbaai,47:32
Aashayein,"""Mera Jeena Hai Kya""",Neeraj Shridhar,5:53
Aashayein,"""Dilkash Dildaar Duniya""","Shaan, Tulsi Kumar",3:55
Aashayein,"""Rabba""",Shiraz Uppal,4:30
Aashayein,"""Ab Mujhko Jeena""","Zubeen Garg, Samishka Chandra",5:15
Aashayein,"""Shukriya Zindagi""",Shafqat Amanat Ali,4:22
Aashayein,"""Pal Main Mila Jahan""",Shreya Ghoshal,5:29
Aashayein,"""Chala Aaya Pyaar""",Mohit Chauhan,5:18
Aashayein,"""Pal Main Mila Jahan""",Shankar Mahadevan,5:30
Aashayein,"""Mera Jeena Hai Kya"" (Remix)",Neeraj Shridhar,6:36
Aashayein,"""Ab Mujhko Jeena"" (Remix)","Zubeen Garg, Samishka Chandra",4:28
Aashayein,"""Shukriya Zindagi"" (Remix)",Shafqat Amanat Ali,4:29
Aashayein,"""Dilkash Dildaar Duniya"" (Remix)","Shaan, Tulsi Kumar",3:34
Aashayein,"""Shukriya Zindagi"" (Sad Version)",Shafqat Amanat Ali,1:50
Hello Darling,"""Working Girls""","Shweta Pandit, Ritu Pathak, Priyadarshini"
Hello Darling,"""Aa Jaane Jaan'""","Javed Jaffrey, Akriti Kakkar, Antara Mitra"
Hello Darling,"""Tere Dar Pe Aaya Leke Band Baja""","Richa Sharma, Ritu Pathak, Rana Mazumder"
Hello Darling,"""Dil Toh Saala""",Sunidhi Chauhan
Hello Darling,"""Attrah Baras Ki""",Suzanne D'Mello
Hello Darling,"""Tere Dar Pe Aaya Leke Band Baja"" (Remix)","Richa Sharma, Ritu Pathak, Rana Mazumder - (DJ A-Myth)"
Mallika,"""Chaahoon Tujhe""",Pritam,"Sunidhi Chauhan, KK"
Mallika,"""Ittefaq Tu Nahi"" (Rock Version)",Shamir Tandon,"Raaj, Shilpa Rao"
Mallika,"""Ittefaq Tu Nahi"" (Sensuous Version)",Shamir Tandon,"Raaj, Shilpa Rao"
Mallika,"""Shah-e-Khuban""",Shamir Tandon,"Amjad, Neeti Mohan"
Mallika,"""Woh Bhooli Dastan"" (Dance Mix)",Akbar Sami,Pamela Jain
Mallika,"""Woh Bhooli Dastan"" (Radio Mix)",Akbar Sami,Pamela Jain
Crook,"""Challa""","Babbu Mann, Suzanne D'Mello",3:45
Crook,"""Mere Bina""",Nikhil D'Souza,4:50
Crook,"""Kya""","Neeraj Shridhar, Dominique Cerejo",3:50
Crook,"""Tujhi Mein""",KK,5:00
Crook,"""Tujhko Jo Paaya""",Mohit Chauhan,3:05
Crook,"""Challa (Remix)""","Babbu Mann, Suzanne D'Mello",4:25
Crook,"""Mere Bina (Unplugged)""",KK,4:50
Crook,"""Tujhi Mein (Reprise)""",KK,4:40
Crook,34:25
Aakrosh,"""Isak Se Meetha Kuch Bhi""","Ajay Jhingran, Kalpana Patowary",5:21
Aakrosh,"""Sauda Hai Dil Ka Ye""",Anupam Amod,5:56
Aakrosh,"""Man Ki Mat Pe Mat Chaliyo""",Rahat Fateh Ali Khan,4:15
Aakrosh,"""Isak Se Meetha Kuch Bhi"" (Dhol Mix)","Ajay Jhingran, Kalpana Patowary",5:19
Aakrosh,"""Sasural Munia Rato Ko Piya""",Shreya Ghoshal,5:09
Aakrosh,"""Ramkatha Ye Harlegi Sakal""",Sukhwinder Singh,5:00
Aakrosh,"""Isak Se Meetha Kuch Bhi"" (Remix Version)","Ajay Jhingran, Kalpana Patowary",4:33
Aakrosh,"""Sauda Hai Dil Ka Ye"" (Encore)","Javed Ali, Anupam Amod",5:54
Aakrosh,41:27
Golmaal 3,"""Golmaal""","K.K., Anushka Manchanda, Monali Thakur",4:02
Golmaal 3,"""Apna Har Din""","Shaan, Anouska Manchanda",4:20
Golmaal 3,"""Ale""","Neeraj Shridhar, Antara Mitra",4:40
Golmaal 3,"""Desi Kali""","Neeraj Shridhar, Sunidhi Chauhan",4:19
Golmaal 3,"""Golmaal"" (Remix)","K.K., Anouska Manchanda, Monali Thakur",4:23
Golmaal 3,"""Apna Har Din"" (Remix)","Shaan, Anouska Manchanda",3:55
Golmaal 3,"""Desi Kali"" (Remix)","Neeraj Shridhar, Sunidhi Chauhan",3:58
Golmaal 3,"""Disco Dancer""",Bappi Lahiri,1:52
Golmaal 3,"""Yaad Aa Raha Hain""",Sudesh Bhosale,4:27
Golmaal 3,31:16
Action Replayy,1,"""Zor Ka Jhatka""","Daler Mehndi, Richa Sharma",4:09
Action Replayy,2,"""O Bekhabar""",Shreya Ghoshal,4:29
Action Replayy,3,"""Nakhre""",Francois Castellino,5:34
Action Replayy,4,"""Chhan Ke Mohalla""","Sunidhi Chauhan, Ritu Pathak",5:16
Action Replayy,5,"""Tera Mera Pyaar""","Karthik, Mahalakshmi Iyer, Antara Mitra",5:57
Action Replayy,6,"""Dhak Dhak Dhak""",Mika Singh,4:14
Action Replayy,7,"""Luk Chup Jaana""","KK, Tulsi Kumar",4:22
Action Replayy,8,"""I've Turned Down Crazy""",Suraj Jagan,3:26
Action Replayy,9,"""Baaki Main Bhool Gayi""",Shreya Ghoshal,3:43
Action Replayy,10,"""Zor Ka Jhatka"" (remix)","Master Saleem, Richa Sharma, Tiger Style",3:54
Action Replayy,11,"""Chhan Ke Mohalla"" (remix)","Sunidhi Chauhan, Ritu Pathak, Tiger Style",4:49
Action Replayy,12,"""Tera Mera Pyaar"" (remix)","Karthik, Antara Mitra, Hysinth",5:57
Action Replayy,13,"""Nakhre"" (remix)","Francois Castellino, Dj A-Myth",5:02
Action Replayy,Total length:,1:00:52
No Problem,"""Babe Di Kripa""",Pritam,"Vikrant Singh, Kalpana Patowary",4:02
No Problem,"""Mast Punjabi""",Anand Raj Anand,"Anand Raj Anand, Sunidhi Chauhan",4:31
No Problem,"""No Problem""",Sajid–Wajid,"Wajid, Suzanne D'Mello",4:24
No Problem,"""Shakira""",Pritam,"Master Saleem, Hard Kaur, Kalpana Patowary",4:00
No Problem,"""We Are Innocent""",Pritam,Suraj Jagan,4:46
No Problem,"""Babe Di Kripa Remix""","Vikrant Singh, Kalpana Patowary",3:26
No Problem,"""Mast Punjabi (Remix by DJ Suketu)""","Anand Raj Anand, Sunidhi Chauhan",4:48
No Problem,"""Shakira (Remix by DJ Suketu)""",Anand Raj Anand,"Master Saleem, Hard Kaur, Kalpana Patowary",4:09
Dil Toh Baccha Hai Ji,"""Abhi Kuch Dino Se""",Neelesh Misra,"Mohit Chauhan, Shahid Mallya",4:45
Dil Toh Baccha Hai Ji,"""Tere Bin""",Kumaar,Sonu Nigam,5:17
Dil Toh Baccha Hai Ji,"""Yeh Dil Hai Nakhrewala""",Neelesh Misra,Shefali Alvares,4:33
Dil Toh Baccha Hai Ji,"""Jadugari""",Sanjay Chhel,Kunal Ganjawala,4:56
Dil Toh Baccha Hai Ji,"""Beshuba""",Sayeed Quadri,"Kunal Ganjawala, Antara Mitra, Nooran Sisters",4:30
Dil Toh Baccha Hai Ji,"""Tere Bin (Reprise)""",Kumaar,Naresh Iyer,5:32
Dil Toh Baccha Hai Ji,"""Yeh Dil Hai Nakhrewala (Film Version)""",Neelesh Misra,Antara Mitra,4:19
Dil Toh Baccha Hai Ji,"""Tere Bin"" (Remix)",Kumaar,Sonu Nigam,5:34
Dil Toh Baccha Hai Ji,39:26
United Six,"""Booty Shake""",Ashish Pandit,"Sunidhi Chauhan, Style Bhai",3:39
United Six,"""Give It Up""",Ashish Pandit,"Monali Thakur, Suzanne D'Mello",4:38
United Six,"""Waha Bhai Waa""",Ashish Pandit,"Anushka Manchanda, Bob",4:16
United Six,"""You Are The Reason""",Ashish Pandit,"Neeraj Shridhar, Ritu Pathak",4:44
United Six,"""Waha Bhai Waa - Remix""",Ashish Pandit,"Anushka Manchanda, Bob",3:41
Thank You,"""Pyaar Do Pyaar Lo""",Amitabh Bhattacharya,Mika Singh,5:15
Thank You,"""Razia""",Ashish Pandit,"Master Saleem, Ritu Pathak",4:54
Thank You,"""Full Volume""",Kumaar,"Neeraj Shridhar, Richa Sharma, Suzanne D'Mello",4:07
Thank You,"""My Heart Is Beating""",Kumaar,Sonu Nigam,3:54
Thank You,"""Pyaar Mein""",Amitabh Bhattacharya,"Neeraj Shridhar, Javed Ali",4:37
Thank You,"""Haan Har Gharein""",Ashish Pandit,"Javed Ali, Priyani Vani"
Thank You,"""Khushiwon Di Mela""",Ashish Pandit,Shahid Mallya
Thank You,"""Pyaar Do Pyaar Lo"" (Remix)",Amitabh Bhattacharya,Mika Singh,4:39
Thank You,"""Razia"" (Remix)",Ashish Pandit,"Master Saleem, Ritu Pathak",4:26
Thank You,"""Full Volume"" (Remix)",Kumaar,"Neeraj Shridhar, Richa Sharma",4:25
Thank You,"""My Heart Is Beating"" (Remix)",Kumaar,Sonu Nigam,4:44
Dum Maaro Dum,"""Jaana Hai""",Zubeen Garg,6:15
Dum Maaro Dum,"""Jiyein Kyun""",Papon,4:26
Dum Maaro Dum,"""Mit Jaaye Gham (Dum Maaro Dum)""",Anushka Manchanda,3:54
Dum Maaro Dum,"""Te Amo"" (Duet)","Ash King, Sunidhi Chauhan",4:46
Dum Maaro Dum,"""Te Amo"" (Female)",Sunidhi Chauhan,5:05
Dum Maaro Dum,"""Te Amo"" (Reprise)",Mohit Chauhan,4:55
Dum Maaro Dum,"""Thayn Thayn""","Abhishek Bachchan, Earl, Ayush Phukan",3:23
Dum Maaro Dum,"""Te Amo"" (Remix)","Ash King, Sunidhi Chauhan",5:05
Dum Maaro Dum,37:49
Ready,"""Character Dheela""",Amitabh Bhattacharya,"Neeraj Shridhar, Amrita Kak",3:47
Ready,"""Humko Pyaar Hua""",Neelesh Misra,"K.K., Tulsi Kumar",5:28
Ready,"""Dhinka Chika (Composed by Devi Sri Prasad)""",Ashish Pandit,"Mika Singh, Amrita Kak",4:32
Ready,"""Meri Ada Bhi""",Kumaar,"Rahat Fateh Ali Khan, Tulsi Kumar",4:05
Ready,"""Dhinka Chika (Remixed by DJ A-MYTH) (Composed by Devi Sri Prasad)""",Ashish Pandit,"Mika Singh, Amrita Kak",4:45
Ready,"""Humko Pyaar Hua (Remixed by DJ A-MYTH)""",Neelesh Misra,"K.K., Tulsi Kumar",4:45
Ready,"""Character Dheela (note7=Remixed by DJ A-MYTH)""",Amitabh Bhattacharya,"Neeraj Shridhar, Amrita Kak",3:06
Ready,"""Meri Ada Bhi (Remixed by DJ A-MYTH)""",Kumaar,"Rahat Fateh Ali Khan, Tulsi Kumar",3:50
Ready,34:18
Always Kabhi Kabhi,"""Always Kabhi Kabhi""",Roshan Abbas,"Aashish Rego, Shree D","Harmeet Singh, Bhavin Dhanak, Sanahmoidutty",3:48
Always Kabhi Kabhi,"""Antenna""",Amitabh Bhattacharya,Pritam Chakraborty,"Benny Dayal, Roshan Abbas, Apeksha Dandekar",4:24
Always Kabhi Kabhi,"""School Ke Din""",Prashant Pandey,Pritam Chakraborty,"Suhail Kaul, Ishq Bector",4:09
Always Kabhi Kabhi,"""Undi The Condi""",Irfan Siddiqui,Pritam Chakraborty,"Shaan, Aditi Singh Sharma",3:41
Always Kabhi Kabhi,"""Always Kabhi Kabhi"" (Unplugged)",Roshan Abbas,"Aashish Rego, Shree D","Vinnie Hutton, Apeksha Dandekar",4:38
Always Kabhi Kabhi,"""Antenna"" (Reloaded : SRK Mix)","Amitabh Bhattacharya, Shah Rukh Khan",Pritam Chakraborty,"KK, Anupam Amod, Apeksha Dandekar",3:43
Always Kabhi Kabhi,"""Better Not Mess With Me"" (Club Mix)",Irfan Siddiqui,Pritam Chakraborty,Shefali Alvaris,3:08
Always Kabhi Kabhi,"""Better Not Mess With Me"" (Rock Mix)",Irfan Siddiqui,Pritam Chakraborty,Sunidhi Chauhan,3:25
Always Kabhi Kabhi,"""Jaane Kyun"" (Soul Version)","Irfan Siddiqui, Roshan Abbas",Pritam Chakraborty,Naresh Iyer,4:26
Always Kabhi Kabhi,"""Jaane Kyun"" (Sufi Version)","Irfan Siddiqui, Roshan Abbas",Pritam Chakraborty,Shafqat Amanat Ali,4:07
Mausam,"""Aag Lage Uss Aag Ko""",Pritam,Karsan Sargathia,3:13
Mausam,"""Ik Tu Hi Tu Hi""",Pritam,"Hans Raj Hans, Ustad Sultan Khan",7:13
Mausam,"""Mallo Malli""",Pritam,Tochi Raina,3:42
Mausam,"""Mallo Malli – 1""",Pritam,"Lehmber Hussainpuri, Hard Kaur",3:43
Mausam,"""Poore Se Zara Sa Kam Hai""",Pritam,Rashid Khan,3:48
Mausam,"""Rabba Main Toh Mar Gaya Oye""",Pritam,Shahid Mallya,4:13
Mausam,"""Rabba Main Toh Mar Gaya Oye – 1""",Pritam,Rahat Fateh Ali Khan,4:43
Mausam,"""Sajh Dhaj Ke""",Pritam,"Mika Singh, Pankaj Kapoor",4:54
Mausam,"""Ik Tu Hi Tu Hi"" (Mehfil Mix)",Pritam,Wadali brothers,5:53
Mausam,"""Ik Tu Hi Tu Hi"" (Reprise)",Pritam,"Shahid Mallya, Ustad Sultan Khan",6:21
Mausam,"""Mallo Malli"" (Remix)",Pritam,Tochi Raina,4:49
Mausam,"""Sajh Dhaj Ke"" (Club Mix Tiger Style)",Pritam,"Mika Singh, Pankaj Kapoor",4:56
Mausam,"""Sajh Dhaj Ke"" (Desi Mix Tiger Style)",Pritam,"Mika Singh, Pankaj Kapoor",4:55
Mausam,1:02:38
Tell Me O Kkhuda,"""Someone Somebody""",Mayur Puri,Sunidhi Chauhan,4:24
Tell Me O Kkhuda,"""Love You Dad""",Mayur Puri,"Anupam Amod, Aditi Banerjee",4:17
Tell Me O Kkhuda,"""Morchang""",Mayur Puri,"Rajasthani Folk Artists, Shweta Pandit",4:20
Tell Me O Kkhuda,"""Tell Me O Kkhuda""",Sunidhi Chauhan,4:54
Tell Me O Kkhuda,"""Mile Na Tu""","Sunidhi Chauhan, Anupam Amod",4:22
Tell Me O Kkhuda,"""Janasheen""",Mayur Puri,Shreya Ghoshal,5:00
Tell Me O Kkhuda,"""Someone Somebody"" (Remix)",Mayur Puri,Anushka Manchanda,3:42
Desi Boyz,"""Make Some Noise For The Desi Boyz""",Kumaar,"KK, Bob",4:06
Desi Boyz,"""Subha Hone Na De""",Kumaar,"Mika Singh, Bohemia, Yo Yo Honey Singh, Shefali Alvares,",4:48
Desi Boyz,"""Jhak Maar Ke""",Irshad Kamil,"Neeraj Shridhar, Harshdeep Kaur",3:53
Desi Boyz,"""Allah Maaf Kare""",Irshad Kamil,"Sonu Nigam, Shilpa Rao",3:51
Desi Boyz,"""Let It Be""",Amitabh Bhattacharya,Shaan,4:13
Desi Boyz,"""Tu Mera Hero (Subha Hone Na De)""",Kumaar,"Mika Singh, Shefali Alvares, Bohemia",4:52
Desi Boyz,"""Allah Maaf Kare"" (Remix)",Irshad Kamil,"Sonu Nigam, Shilpa Rao",4:41
Desi Boyz,"""Jhak Maar Ke"" (Remix)",Irshad Kamil,"Neeraj Shridhar, Harshdeep Kaur",3:03
Desi Boyz,"""Subha Hone Na De"" (Remix)",Kumaar,"Mika Singh, Shefali Alvares, Bohemia",4:59
Desi Boyz,"""Make Some Noise For The Desi Boyz"" (Remix)",Kumaar,"KK, Bob",4:32
Desi Boyz,43:02
Players,"""Jis Jagah Pe Khatam"" (Players Theme)","Neeraj Shridhar, Siddharth Basrur, Mauli Dave",4:12
Players,"""Jhoom Jhoom Ta Ja""",Ritu Pathak,5:02
Players,"""Ho Gayi Tun""","Yashita Yashpal, Bob",3:47
Players,"""Buddhi Do Bhagwaan""","Shruti Pathak, Abhishek Bachchan",4:42
Players,"""Dil Yeh Bekaraar Kyun Hai""","Mohit Chauhan, Shreya Ghoshal",4:38
Players,"""Jhoom Jhoom Ta Hoon Main""",Siddharth Basrur,4:49
Players,"""Dil Yeh Bekaraar Kyun Hai"" (Reprise)","Nikhil D'Souza, Priyani Vani",5:17
Players,"""Jhoom Jhoom Ta Hoon Main"" (Film Version)",Arijit Singh,5:09
Players,"""Jis Jagah Pe Khatam"" (Remix)","Neeraj Shridhar, Siddharth Basrur, Mauli Dave",3:30
Players,"""Dil Yeh Bekaraar Kyun Hai"" (Remix)","Mohit Chauhan, Shreya Ghoshal, Nikhil D'Souza",5:17
Players,46:24
Agent Vinod,"""I'll Do The Talking Tonight""",Amitabh Bhattacharya,"Neeraj Shridhar, Shefali Alvares, Aditi Singh Sharma & Barbie Amod",4:16
Agent Vinod,"""Dil Mera Muft Ka""",Neelesh Misra,"Nandini Srikar, Malini Awasthi, Muazzam, Rizwan, Shadaab Faridi, Altamash Faridi, Shabab Sabri",4:26
Agent Vinod,"""Raabta"" (Siyaah Raatein)",Amitabh Bhattacharya,"Hamsika Iyer, Arijit Singh & Joi Barua",4:50
Agent Vinod,"""Pyaar ki Pungi""",Amitabh Bhattacharya,"Mika Singh, Nakash Aziz, Amitabh Bhattacharya Pritam Chakraborty & Javed Jaffrey",4:10
Agent Vinod,"""Agent Vinod"" (Theme)",Instrumental,4:37
Agent Vinod,"""I'll Do The Talking Tonight"" (Remix)",Amitabh Bhattacharya,"Neeraj Shridhar, Aditi Singh Sharma & Barbie Amod",4:32
Agent Vinod,"""Raabta"" (Night in a Motel)",Amitabh Bhattacharya,Aditi Singh Sharma & Arijit Singh,3:32
Agent Vinod,"""Pungi"" (Remix)",Amitabh Bhattacharya,"Mika Singh, Amitabh Bhattacharya, Nakash Aziz, Pritam Chakraborty & Javed Jaffrey",4:09
Agent Vinod,"""Raabta""",Amitabh Bhattacharya,Arijit Singh,4:04
Agent Vinod,"""Dil Mera Muft Ka"" (Remix)",Neelesh Misra,Malini Awasthi,3:48
Agent Vinod,"""Raabta"" (Kehte Hain Khuda Ne)",Amitabh Bhattacharya,"Shreya Ghoshal, Arijit Singh & Joi Barua",4:50
Agent Vinod,"""Habibi Ya Nour El Ain""","Alabina, Ishtar",4:10
Agent Vinod,51:24
Jannat 2,"""Tu Hi Mera""",Sayeed Quadri,Shafqat Amanat Ali,4:33
Jannat 2,"""Tera Deedar Hua""",Sanjay Masoomm,Rahat Fateh Ali Khan,5:47
Jannat 2,"""Tujhe Sochta Hoon""",Sayeed Quadri,KK,5:14
Jannat 2,"""Rab Ka Shukraana""",Sanjay Masoomm,Mohit Chauhan,4:59
Jannat 2,"""Jannatein Kahan""",Mayur Puri,KK,3:48
Jannat 2,"""Sang Hoon Tere""",Sayeed Quadri,Nikhil D'Souza,4:24
Jannat 2,"""Jannatein Kahan"" (Power Ballad)",Mayur Puri,Nikhil D'Souza,4:31
Jannat 2,"""Tera Deedar Hua"" (From The Heart)",Sanjay Masoomm,Javed Ali,5:46
Jannat 2,"""Rab Ka Shukraana"" (Reprise)",Sanjay Masoomm,Anupam Amod,4:37
Jannat 2,43:39
Ferrari Ki Sawaari,"""Ferrari Ki Sawaari""",Swanand Kirkire,"Shaan, Boman Irani, Aayush Phukan",3:43
Ferrari Ki Sawaari,"""Life Yeh Mausambi Si""",Amitabh Bhattacharya,K. Mohan,4:14
Ferrari Ki Sawaari,"""Aey Mere Mann""",Guru Thakur,Shyamantan Das,5:09
Ferrari Ki Sawaari,"""Mala Jau De""",Devanshu Singh,Urmila Dhangar,4:16
Ferrari Ki Sawaari,"""Maara Re""",Satyanshu Singh,"Sonu Nigam, Aishwarya Nigam, Rana Majmuder, Ashish",3:38
Ferrari Ki Sawaari,"""Good Night""",Pritam,Priyani Vani,5:10
Cocktail,"""Tumhi Ho Bandhu""",Irshad Kamil,"Kavita Seth, Neeraj Shridhar",4:42
Cocktail,"""Daaru Desi""",Irshad Kamil,"Benny Dayal, Shalmali Kholgade, Neeraj Shridhar",4:30
Cocktail,"""Yaariyan""",Irshad Kamil,"K. Mohan, Shilpa Rao",6:18
Cocktail,"""Second-Hand-Jawaani""",Amitabh Bhattacharya,"Miss Pooja, Neha Kakkar, Nakash Aziz",4:03
Cocktail,"""Tera Naam Japdi Phiran""",Irshad Kamil,"Javed Bashir, Nikhil D'Souza, Shefali Alvares",3:39
Cocktail,"""Luttna (Saif Ul Malook)""",Irshad Kamil,"Masuma Anwar, Sahir Ali Bagga, Anupam Amod",5:01
Cocktail,"""Alif Allah (Jugni)""",Arif Lohar,"Arif Lohar, Harshdeep Kaur",6:57
Cocktail,"""Yaariyan (Reprise)""",Irshad Kamil,"Sunidhi Chauhan, Arijit Singh",5:14
Cocktail,"""Luttna (Version 2)""",Irshad Kamil,"Masuma Anwar, Sahir Ali Bagga, Anupam Amod",4:44
Cocktail,"""Tera Naam Japdi Phiran (Remix)""",Irshad Kamil,"Javed Bashir, Nikhil D'Souza, Shefali Alvares",4:11
Cocktail,"""Main Sharaabi"" (Music by: Yo Yo Honey Singh)",Irshad Kamil,"Yo Yo Honey Singh, Imran Aziz Mian",4:25
Cocktail,"""Angreji Beat"" (Music by: Yo Yo Honey Singh)",Veet Baljeet,"Yo Yo Honey Singh, Gippy Grewal"
Rush,"""Chup Chup Ke (Film Version)""","Ash King, Muazzam, Rizwan Ali Khan",3:51
Rush,"""Fukraa""","Jazzy B, Hard Kaur",2:48
Rush,"""Mumkin Nahi""","Tulsi Kumar, Anupam Amod",4:24
Rush,"""O Re Khuda""","Javed Basheer, Adnan Sami",4:16
Rush,"""Rab Ka Junoon""",Inderpreet Singh,3:45
Rush,"""Chup Chup Ke""","Shaan, Muazzam, Rizwan Ali Khan",3:49
Rush,22 min 55 sec
Race 2,"""Allah Duhai Hai""","Atif Aslam, Pritam, Vishal Dadlani, Anushka Manchanda, Michie One, Ritu Pathak",04:15
Race 2,"""Lat Lag Gayee""","Pritam, Benny Dayal, Shalmali Kholgade, Yo Yo Honey Singh",04:40
Race 2,"""Be Intehaan""","Atif Aslam, Sunidhi Chauhan",04:51
Race 2,"""Party on My Mind""","Pritam, Shefali Alvares, KK, Yo Yo Honey Singh",03:42
Race 2,"""Party on My Mind"" (Remix)","DJ Jay Dhabi, Shefali Alvares, Pritam, KK, Yo Yo Honey Singh",04:42
Race 2,"""Be Intehaan"" (Remix)","DJ Suketu feat. AKS, Atif Aslam, Sunidhi Chauhan [28]",05:16
Race 2,"""Allah Dubai Hai"" (Remix)","Atif Aslam, Pritam, Vishal Dadlani, Anushka Manchanda, Michie One, Ritu Pathak",04:13
Race 2,"""Lat Lag Gayee"" (Film Version)","Pritam, Benny Dayal, Shalmali Kholgade, Yo Yo Honey Singh",02:48
Race 2,"""Be Intehaan""","Pritam, Rahul Vaidya",02:27
Race 2,"""Race 2"" (Mashup)","DJ Kiran Kamath, Shefali Alvares, Atif Aslam, Pritam, Vishal Dadlani, Benny Dayal, Sunny M.R, Shalmali Kholgade, Michie One, Yo Yo Honey Singh, Salim–Sulaiman, Guri Master, Jonita Gandhi, A Positive Dhillon",03:06
Race 2,"""Immature""","Guri Master, Pritam, A Positive Dhillon, Shefali Alvares, Sunidhi Chauhan, Jonita Gandhi",09:00
Race 2,42:51
Murder 3,1,Teri Jhuki Nazar,Shafqat Amanat Ali,Pritam
Murder 3,2,Mat Azma Re,K.K.,Pritam
Murder 3,3,Jaata Hai Tujh Tak,Nikhil D'Souza,Anupam Amod & Pritam
Murder 3,4,Hum Jee Lenge,Mustafa Zahid,Roxen (Band)
Murder 3,5,Teri Jhuki Nazar (Film Version),Shafqat Amanat Ali,Pritam
Murder 3,6,Jaata Hai Tujh Tak (Film Version),Nikhil D'Souza,"Pritam, Anupam Amod"
Murder 3,7,Hum Jee Lenge (Rock Version),Mustafa Zahid,Roxen (Band)
Once Upon ay Time in Mumbai Dobaara!,"""Yeh Tune Kya Kiya""",Pritam,Javed Bashir,5:14
Once Upon ay Time in Mumbai Dobaara!,"""Tayyab Ali"" (Original lyrics written by Anand Bakshi)","Laxmikant–Pyarelal, Anupam Amod",Javed Ali,4:37
Once Upon ay Time in Mumbai Dobaara!,"""Tu Hi Khwahish""",Pritam,Sunidhi Chauhan,4:51
Once Upon ay Time in Mumbai Dobaara!,"""Chugliyaan""",Pritam,"Javed Ali, Sahir Ali Bagga",4:59
Once Upon ay Time in Mumbai Dobaara!,"""Bismillah""",Anupam Amod,Anupam Amod,4:56
Once Upon ay Time in Mumbai Dobaara!,"""Ye Tune Kya Kiya (Unplugged)""",Pritam,Arijit Singh,4:51
Once Upon ay Time in Mumbai Dobaara!,27:49
Phata Poster Nikhla Hero,"""Tu Mere Agal Bagal Hai""",Mika Singh,4:25
Phata Poster Nikhla Hero,"""Main Rang Sharbaton Ka""",Atif Aslam & Chinmayi Sripada,4:26
Phata Poster Nikhla Hero,"""Hey Mr. DJ""","Benny Dayal, Shalmali Kholgade, Shefali Alvares & Ishq Bector (Rap)",4:22
Phata Poster Nikhla Hero,"""Mere Bina Tu""",Rahat Fateh Ali Khan,4:11
Phata Poster Nikhla Hero,"""Dhating Naach""",Nakash Aziz & Neha Kakkar,3:10
Phata Poster Nikhla Hero,"""Janam Janam""",Atif Aslam,4:48
Phata Poster Nikhla Hero,"""Main Rang Sharbaton Ka"" (Reprise)",Arijit Singh,4:38
Phata Poster Nikhla Hero,"""Janam Janam"" (Reprise)",Sunidhi Chauhan,3:06
Phata Poster Nikhla Hero,"""Mere Bina Tu"" (Film Version)",Rahat Fateh Ali Khan & Harshdeep Kaur,4:23
Phata Poster Nikhla Hero,"""Janam Janam"" (Sad)",Atif Aslam,1:45
Phata Poster Nikhla Hero,39:14
R... Rajkumar,"""Gandi Baat""",Anupam Amod,"Mika Singh, Kalpana Patowary",4:13
R... Rajkumar,"""Saree Ke Fall Sa"" (Touch Karke)",Mayur Puri,"Antara Mitra, Nakash Aziz",3:53
R... Rajkumar,"""Dhokha Dhadi""",Neelesh Misra,"Arijit Singh, Palak Muchhal",4:09
R... Rajkumar,"""Mat Maari""",Ashish Pandit,"Kunal Ganjawala, Sunidhi Chauhan",4:21
R... Rajkumar,"""Kaddu Katega""",Ashish Pandit,Antara Mitra,3:31
R... Rajkumar,"""Gandi Baat"" (Film Version)",Anupam Amod,"Nakash Aziz, Ritu Pathak",4:26
R... Rajkumar,"""Saree Ke Fall Sa"" (Touch Karke – Remix)",Mayur Puri,"Antara Mitra, Nakash Aziz, DJ Angel",3:49
R... Rajkumar,"""R... Rajkumar"" (Mashup)",DJ Angel,2:23
R... Rajkumar,30:45
Yaariyan,"""ABCD""",Amitabh Bhattacharya,Pritam,"Yo Yo Honey Singh, Benny Dayal, Shefali Alvares",3:25
Yaariyan,"""Baarish""",Mithoon,Mithoon,"Mohammed Irfan, Gajendra Verma",6:14
Yaariyan,"""Sunny Sunny""",Yo Yo Honey Singh,Yo Yo Honey Singh,"Yo Yo Honey Singh, Neha Kakkar",4:03
Yaariyan,"""Allah Waariyan""",Arko,Arko,"Arko, Shafqat Amanat Ali",5:14
Yaariyan,"""Love Me Thoda Aur""",Irshad Kamil,Pritam,"Arijit Singh, Monali Thakur, Nikhil D'Souza",4:25
Yaariyan,"""Meri Maa""",Irshad Kamil,Anupam Amod,K.K.,5:17
Yaariyan,"""Zor Lagaake Haisha""",Irshad Kamil,Arko,Vishal Dadlani,5:59
Yaariyan,"""Mujhe Ishq Se""",Mithoon,Mithoon,"Gajendra Verma, Tulsi Kumar",5:44
Yaariyan,"""Baarish – Yaariyan"" (Remix)",Mithoon,"Mithoon, Remixed by: DJ Shiva","Mohammed Irfan, Gajendra Verma",5:07
Yaariyan,"""Meri Maa"" (Reprise)",Irshad Kamil,Anupam Amod,K.K.,4:43
Yaariyan,"""ABCD – Yaariyan"" (Remix)",Amitabh Bhattacharya,"Pritam, Remixed by: Kiran Kamath","Yo Yo Honey Singh, Benny Dayal, Shefali Alvares",3:19
Yaariyan,"""Meri Maa"" (Unplugged)",Irshad Kamil,Anupam Amod,Anupam Amod,5:17
Yaariyan,"""Yaariyan Mashup""",Various,Various,Various,3:43
Yaariyan,1:02:33
Shaadi Ke Side Effects,"""Harry's Not a Brahmachari""",Amitabh Bhattacharya,"Jazzy B, Divya Kumar, Ishq Bector",4:18
Shaadi Ke Side Effects,"""I'm Sorry Par Tumse Pyar Ho Gaya"" (The Hey Song; male)",Swanand Kirkire,"Nikhil Paul George, Neeti Mohan, Mili Nair"
Shaadi Ke Side Effects,"""Tauba Main Vyaah Karke Pachhtaya"" (Hindi; male)",Mayur Puri,"Shahid Mallya, Poorvi Koutish, Alamgir Khan"
Shaadi Ke Side Effects,"""Desi Romance"" (female, male)",Swanand Kirkire,"Suchi, Arijit Singh"
Shaadi Ke Side Effects,"""Yahaan Vahaan"" (male)",Swanand Kirkire,Farhan Akhtar
Shaadi Ke Side Effects,"""Bawla Sa Sapna"" (male)",Swanand Kirkire,Mohit Chauhan
Shaadi Ke Side Effects,"""Harry's Not a Brahmachari"" (original song; male)",Amitabh Bhattacharya,"Jazzy B, Ishq Bector"
Shaadi Ke Side Effects,"""Tauba Main Vyaah Karke Pachhtaya"" (Punjabi; male)",Mayur Puri,"Arif Lohar, Poorvi Koutish, Shahid Mallya & Alamgir Khan"
Shaadi Ke Side Effects,"""Bawla Sa Sapna"" (""The Children Come To Sing""; female)",Swanand Kirkire,Diva
Shaadi Ke Side Effects,"""Yahaan Vahaan"" (reprise; male)",Swanand Kirkire,Farhan Akhtar
Shaadi Ke Side Effects,"""Harry's Not a Brahmachari"" (remix; male)",Amitabh Bhattacharya,Jazzy B & Divya Kumar
Shaadi Ke Side Effects,"""Ahista Ahista"" (male)",Ankur Tiwari,Farhan Akhtar
Shaadi Ke Side Effects,46:15
Holiday,"""Shaayraana""",Irshad Kamil,Pritam,Arijit Singh,4:21
Holiday,"""Tu Hi Toh Hai"" (Film Version)",Irshad Kamil,Pritam,Kunal Ganjawala,3:55
Holiday,"""Ashq Na Ho""",Irshad Kamil,Pritam,Arijit Singh,5:53
Holiday,"""Blame The Night""",Irshad Kamil,Pritam,"Arijit Singh, Aditi Singh Sharma, Piyush Kapoor",4:39
Holiday,"""Palang Tod"" (Version 1)",Sukumar Dutta,Kaushik Dutta,"Mika Singh, Ritu Pathak",3:46
Holiday,"""Tu Hi Toh Hai""",Irshad Kamil,Pritam,Benny Dayal,3:58
Holiday,"""Palang Tod"" (Version 2)",Sukumar Dutta,Kaushik Dutta,"Mika Singh, Ritu Pathak",4:10
Holiday,30:42
I Love NY,"""Halki Halki""",Mayur Puri,Pritam,"Shaan, Tulsi Kumar",5:02
I Love NY,"""Gud Naal Ishaq Mitha""","Mayur Puri, Traditional",Anupam Amod,Tochi Raina,3:27
I Love NY,"""Aaja Meri Jaan""",Mayur Puri,"DJ Phukan, R. D. Burman",Mauli Dave,5:14
I Love NY,"""Aao Na""",Sayeed Quadri,Pritam,"Sonu Nigam, Tulsi Kumar",5:20
I Love NY,"""Judaai""",Falak Shabir,Falak Shabir,Falak Shabir,4:31
I Love NY,"""Gud Naal Ishaq Mitha (Remix)""","Mayur Puri, Traditional",Anupom Amod,Sukhwinder Singh
I Love NY,23:34
Bajrangi Bhaijaan,"""Selfie Le Le Re""","Mayur Puri, Badshah","Pritam, Vishal Dadlani, Nakash Aziz, Badshah",04:57
Bajrangi Bhaijaan,"""Tu Chahiye""",Amitabh Bhattacharya,Atif Aslam,04:32
Bajrangi Bhaijaan,"""Aaj Ki Party""",Shabbir Ahmed,Mika Singh,04:40
Bajrangi Bhaijaan,"""Bhar Do Jholi Meri""",Kausar Munir,Adnan Sami,08:19
Bajrangi Bhaijaan,"""Chicken Kuk-Doo-Koo""",Mayur Puri,"Mohit Chauhan, Palak Muchhal",05:43
Bajrangi Bhaijaan,"""Zindagi Kuch Toh Bata""",Neelesh Misra,"Rahat Fateh Ali Khan, Rekha Bhardwaj",04:23
Bajrangi Bhaijaan,"""Tu Jo Mila""",Kausar Munir,KK,04:04
Bajrangi Bhaijaan,"""Bhar Do Jholi Meri"" (Reprise)",Kausar Munir,Imran Aziz Mian,08:05
Bajrangi Bhaijaan,"""Tu Jo Mila (Dekhna Na Mudke)""",Kausar Munir,Javed Ali,04:13
Bajrangi Bhaijaan,"""Zindagi Kuch Toh Bata"" (Reprise)",Neelesh Misra,Jubin Nautiyal,04:23
Bajrangi Bhaijaan,"""Tu Jo Mila"" (Reprise)",Kausar Munir,Papon,04:18
Bajrangi Bhaijaan,57:29
Phantom,"""Afghan Jalebi (Ya Baba)""",Amitabh Bhattacharya,Asrar (Syed Asrar Shah),03:43
Phantom,"""Saware""",Amitabh Bhattacharya,Arijit Singh,05:21
Phantom,"""Nachda""",Kausar Munir,Shahid Mallya,05:23
Phantom,"""Afghan Jalebi (Film Version)""",Amitabh Bhattacharya,Akhtar Channal,03:44
Phantom,"""Afghan Jalebi (Dumbek Version)""",Amitabh Bhattacharya,Akhtar Channal,03:50
Phantom,"""Ya Baba (Fitna Farebi)""",Amitabh Bhattacharya,Nakash Aziz,03:44
Phantom,25:52
Dilwale,"""Gerua""","Arijit Singh, Antara Mitra",05:45
Dilwale,"""Manma Emotion Jaage""","Amit Mishra, Anushka Manchanda, Antara Mitra",03:29
Dilwale,"""Janam Janam""","Arijit Singh, Antara Mitra",03:58
Dilwale,"""Tukur Tukur""","Arijit Singh, Neha Kakkar, Nakash Aziz, Siddharth Mahadevan, Kanika Kapoor",04:07
Dilwale,"""Daayre""",Arijit Singh,04:50
Dilwale,"""Premika""","Benny Dayal, Kanika Kapoor",03:45
Dilwale,"""Theme of Dilwale (DJ Chetas)""",Arijit Singh,03:42
Dilwale,29:36
Azhar,"""Bol Do Na Zara""",Rashmi Virag,Amaal Mallik,Armaan Malik,4:53
Azhar,"""Itni Si Baat Hain""",Manoj Yadav,Pritam,"Arijit Singh, Antara Mitra",4:55
Azhar,"""Oye Oye""",Anand Bakshi,DJ Chetas(Original by Kalyanji–Anandji),"Armaan Malik, Aditi Singh Sharma",3:53
Azhar,"""Tu Hi Na Jaane""",Kumaar,Amaal Mallik,"Sonu Nigam, Prakriti Kakar",5:33
Azhar,"""Jeetne Ke Liye""",Kumaar,Amaal Mallik,KK,4:02
Azhar,23:16
Dishoom,"""Sau Tarah Ke""","Kumaar, Hook: Ashish Pandit","Jonita Gandhi, Amit Mishra",3:58
Dishoom,"""Toh Dishoom""",Mayur Puri,"Raftaar, Shahid Mallya",4:03
Dishoom,"""Jaaneman Aah"" (Version 1)",Mayur Puri,"Aman Trikha, Antara Mitra",3:50
Dishoom,"""Sau Tarah Ke"" (Revisited)",Mayur Puri,"Abhijeet Sawant, Aditi Singh Sharma",3:59
Dishoom,"""Jaaneman Aah"" (Version 2)",Mayur Puri,"Nakash Aziz, Antara Mitra",3:50
Dishoom,"""Ishqa""",Kumaar,"Abhijeet Sawant, Antara Mitra",2:47
Dishoom,"""Subha Hone Na De"" (Remix)",Kumaar,"Mika Singh, Bohemia, Shefali Alvares",4:59
Dishoom,27:24
Raabta,"""Ik Vaari Aa""",Amitabh Bhattacharya,Pritam,Arijit Singh,4:34
Raabta,"""Raabta"" (Title Track)","Amitabh Bhattacharya, Irshad Kamil",Pritam,"Arijit Singh, Nikhita Gandhi",4:57
Raabta,"""Sadda Move""","Amitabh Bhattacharya, Irshad Kamil",Pritam,"Diljit Dosanjh, Pardeep Singh Sran, Raftaar",3:31
Raabta,"""Lambiyaan Si Judaiyaan""",Amitabh Bhattacharya,JAM8,"Arijit Singh, Shadaab Faridi, Altamash Faridi",3:58
Raabta,"""Main Tera Boyfriend""",Kumaar,Meet Bros,"Arijit Singh, Neha Kakkar, Meet Bros",4:36
Raabta,"""Darasal""",Irshad Kamil,JAM8,Atif Aslam,4:34
Raabta,"""Ik Vaari Aa"" (Reprise Version)",Amitabh Bhattacharya,Pritam,Jubin Nautiyal,4:34
Raabta,30:46
Tubelight,"""Radio""",Amitabh Bhattacharya,"Kamaal Khan, Amit Mishra",4:40
Tubelight,"""Naach Meri Jaan""",Amitabh Bhattacharya,"Kamaal Khan, Nakash Aziz, Dev Negi, Tushar Joshi",4:47
Tubelight,"""Tinka Tinka Dil Mera""",Kausar Munir,Rahat Fateh Ali Khan,5:03
Tubelight,"""Main Agar""",Amitabh Bhattacharya,Atif Aslam,4:39
Tubelight,"""Kuch Nahi""",Kausar Munir,Javed Ali,3:41
Tubelight,"""Tinka Tinka Dil Mera"" (ft. Jubin Nautiyal)",Kausar Munir,Jubin Nautiyal,5:06
Tubelight,"""Kuch Nahi"" (Reprise)",Kausar Munir,Shafqat Amanat Ali,3:41
Tubelight,"""Main Agar"" (Reprise)",Amitabh Bhattacharya,KK,3:28
Tubelight,"""Kuch Nahi"" (Encore)",Kausar Munir,Papon,3:33
Tubelight,"""Radio"" (Film Version)",Amitabh Bhattacharya,"Kamaal Khan, Amit Mishra, Iulia Vantur, (Additional Vocal: Akashdeep Sengupta)",4:40
Tubelight,"""Radio"" (Arabic Version)",Amitabh Bhattacharya,Douzi,4:50
Tubelight,48:10
Chhichhore,"""Woh Din""",Arijit Singh,4:18
Chhichhore,"""Khairiyat""",Arijit Singh,4:40
Chhichhore,"""Kal Ki Hi Baat Hai""",KK,4:00
Chhichhore,"""Fikar Not""","Nakash Aziz, Dev Negi, Antara Mitra, Amit Mishra, Sreerama Chandra, Amitabh Bhattacharya",3:09
Chhichhore,"""Control""","Nakash Aziz, Manish J. Tipu, Geet Sagar, Sreerama Chandra, Amitabh Bhattacharya",3:36
Chhichhore,"""Woh Din"" (Film Version)",Tushar Joshi,5:12
Chhichhore,"""Khairiyat"" (Bonus Track)",Arijit Singh,4:30
Chhichhore,29:25
Love Aaj Kal,"""Shayad""",Arijit Singh,4:07
Love Aaj Kal,"""Haan Main Galat""","Arijit Singh, Shashwat Singh",3:38
Love Aaj Kal,"""Mehrama""","Darshan Raval, Antara Mitra",4:09
Love Aaj Kal,"""Rahogi Meri""",Arijit Singh,4:13
Love Aaj Kal,"""Aur Tanha""",KK,4:56
Love Aaj Kal,"""Yeh Dooriyan""",Mohit Chauhan,4:02
Love Aaj Kal,"""Shayad"" (Reprise)","Arijit Singh, Madhubanti Bagchi",4:06
Love Aaj Kal,"""Parmeshwara""",Raftaar,3:07
Love Aaj Kal,"""Dhak Dhak""","Nikhita Gandhi, Akasa Singh",3:29
Love Aaj Kal,"""Haan Tum Ho""","Arijit Singh, Shilpa Rao",4:51
Love Aaj Kal,"""Mehrama"" (Extended)","Darshan Raval, Antara Mitra",5:37
Love Aaj Kal,"""Shayad"" (Aaj Kal)",Arijit Singh,3:40
Love Aaj Kal,49:55
Tadap,"""Tumse Bhi Zyada""",Arijit Singh,5:19
Tadap,"""Tere Siva Jag Mein""","Shilpa Rao, Darshan Raval, Shashwat Singh, Rap By: Charan",3:26
Tadap,"""Tu Mera Hogaya Hai""",Jubin Nautiyal,5:09
Tadap,"""Hoye Ishq Na""","B Praak, Dino James",4:39
Tadap,"""Tere Siva Jag Mein"" (Cafe Edit)",Darshan Raval,3:35
Tadap,"""Ae Dilla Marjaaniyaan""",Neha Kakkar,4:14
Tadap,"""Tu Mera Hogaya Hai"" (Encore)",Javed Ali,5:10
Tadap,"""Tere Siva Jag Mein"" (Reprise)","Mohammed Irfan, Asees Kaur",3:03
Tadap,34:35
Bhool Bhulaiyaa 2,"""Bhool Bhulaiyaa 2 - Title Track"" (co-composed by Tanishk Bagchi)","Mandy Gill, Sameer","Neeraj Shridhar, Mellow D, Bob",3:31
Bhool Bhulaiyaa 2,"""Hum Nashe Mein Toh Nahin""",Amitabh Bhattacharya,"Arijit Singh, Tulsi Kumar",3:58
Bhool Bhulaiyaa 2,"""De Taali""","Amitabh Bhattacharya, Yo Yo Honey Singh","Yo Yo Honey Singh, Armaan Malik, Shashwant Singh",3:30
Bhool Bhulaiyaa 2,"""Mere Dholna"" (Arijit Version)",Sameer,Arijit Singh,6:04
Bhool Bhulaiyaa 2,"""Ami Je Tomar Tandav""",Sameer,Arijit Singh,2:23
Bhool Bhulaiyaa 2,"""Ami Je Tomar Tandav"" (Film Version)",Sameer,Tushar Joshi,2:24
Bhool Bhulaiyaa 2,"""Ami Je Tomar"" (Kiara's Scare)",Sameer,"Shreya Ghoshal, Arijit Singh",1:38
Bhool Bhulaiyaa 2,"""Mere Dholna"" (The Sisters)",Sameer,Shreya Ghoshal,2:25
Bhool Bhulaiyaa 2,"""Mere Dholna"" (Revisited)","Saaveri Verma, Sameer",Shreya Ghoshal,2:32
Bhool Bhulaiyaa 2,"""Ami Je Tomar"" (Kartik X Vidya)",Sameer,"Arijit Singh, Shreya Ghoshal",6:12
Bhool Bhulaiyaa 2,34:37
Laal Singh Chaddha,"""Kahani""",Mohan Kannan,3:28
Laal Singh Chaddha,"""Main Ki Karaan?""","Sonu Nigam, Romy",4:14
Laal Singh Chaddha,"""Phir Na Aisi Raat Aayegi""",Arijit Singh,4:43
Laal Singh Chaddha,"""Tur Kalleyan""","Arijit Singh, Shadaab Faridi, Altamash Faridi",5:38
Laal Singh Chaddha,"""Kahani"" (Sonu's Version)",Sonu Nigam,4:58
Laal Singh Chaddha,"""Tere Hawaale""","Arijit Singh, Shilpa Rao",5:46
Laal Singh Chaddha,"""Kahani"" (Mohit Chauhan's Version)",Mohit Chauhan,4:01
Laal Singh Chaddha,"""Tere Hawaale"" (Arijit Shreya Duet)","Arijit Singh, Shreya Ghoshal",5:48
Laal Singh Chaddha,"""Phir Na Aisi Raat Aayegi (Film Version)""",Arijit Singh,4:43
Laal Singh Chaddha,"""Tur Kalleyan (Nooran Sisters Version)""",Nooran Sisters,5:06
Laal Singh Chaddha,"""Tere Hawaale (Tushar Shilpa Duet)""","Tushar Joshi, Shilpa Rao",5:57
Laal Singh Chaddha,54:22
Freddy,"""Kaala Jaadu""","Arijit Singh, Nikhita Gandhi",3:32
Freddy,"""Tum Jo Milo""",Abhijeet Srivastava,3:25
Freddy,"""Tujhse Pyaar Karta Hoon""",Raghav Chaitanya,2:34
Freddy,9:31
Shehzada,"""Munda Sona Hoon Main""",Kumaar,"Diljit Dosanjh, Nikhita Gandhi",3:50
Shehzada,"""Chedkhaniyan""","Shloke Lal, IP Singh","Arijit Singh, Nikhita Gandhi",3:51
Shehzada,"""Mere Sawaal Ka""",Shloke Lal,"Shashwat Singh, Shalmali Kholgade",4:15
Shehzada,"""Character Dheela 2.0"" (Recreated by Abhijit Vaghani)","Amitabh Bhattacharya, Ashish Pandit","Neeraj Shridhar, Style Bai",2:37
Shehzada,"""Shehzada Title Track""",Mayur Puri,Sonu Nigam,3:47
Shehzada,"""Mere Sawaal Ka"" (King Version)",Shloke Lal,King,3:09
Shehzada,21:29
Rocky Aur Rani Kii Prem Kahaani,"""Tum Kya Mile"" (Radio Edit)","Arijit Singh, Shreya Ghoshal",3:12
Rocky Aur Rani Kii Prem Kahaani,"""What Jhumka?"" (co-composer Madan Mohan)","Arijit Singh, Jonita Gandhi, Ranveer Singh",3:33
Rocky Aur Rani Kii Prem Kahaani,"""Ve Kamleya""","Arijit Singh, Shreya Ghoshal, Shadab Faridi, Altamash Faridi",4:07
Rocky Aur Rani Kii Prem Kahaani,"""Dhindhora Baje Re""","Darshan Raval, Bhoomi Trivedi",4:14
Rocky Aur Rani Kii Prem Kahaani,"""Ro Lain De""","Sonu Nigam, Shilpa Rao",3:58
Rocky Aur Rani Kii Prem Kahaani,"""Kudmayi""",Sachet Tandon,4:27
Rocky Aur Rani Kii Prem Kahaani,"""Heart Throb""",Dev Negi,3:20
Rocky Aur Rani Kii Prem Kahaani,"""Saregama Carvaan Medley""","Shashwat Singh, Jonita Gandhi",3:43
Rocky Aur Rani Kii Prem Kahaani,"""Tum Kya Mile""","Arijit Singh, Shreya Ghoshal",4:37
Rocky Aur Rani Kii Prem Kahaani,"""Ve Kamleya"" (Sufi Version)","Shadab Faridi, Altamash Faridi, Asees Kaur",5:21
Rocky Aur Rani Kii Prem Kahaani,"""Tum Kya Mile"" (Female Vocals)",Shreya Ghoshal,3:57
Rocky Aur Rani Kii Prem Kahaani,"""Kudmayi"" (Film Version)",Shahid Mallya,4:25
Rocky Aur Rani Kii Prem Kahaani,"""Ve Kamleya"" (Redux)","Tushar Joshi, Shreya Ghoshal",5:27
Rocky Aur Rani Kii Prem Kahaani,"""Rani's Intro Theme""","Pritam, Brianna Supriyo",1:54
Rocky Aur Rani Kii Prem Kahaani,56:21
The Great Indian Family,"""Kanhaiya Twitter Pe Aaja""",Nakash Aziz,4:45
The Great Indian Family,"""Ki Farak Painda Hai""","Dev Negi, Neeti Mohan",3:02
The Great Indian Family,"""Sahibaa""","Darshan Raval, Antara Mitra",3:56
The Great Indian Family,"""Pukaroon Hari Om""",Sonu Nigam,3:36
The Great Indian Family,15:19
Tiger 3,"""Leke Prabhu Ka Naam""",Amitabh Bhattacharya,Pritam,"Arijit Singh, Nikhita Gandhi",3:35
Tiger 3,"""Ruaan""",Irshad Kamil,Pritam,Arijit Singh,4:17
Tiger 3,"""Tiger 3 Theme""",–,"Tanuj Tiku, Julius Packiam",Instrumental,3:42
Tiger 3,"""Tiger x Zoya Theme""",–,Tanuj Tiku,Abhishek Nailwal,2:52
Tiger 3,"""Aatish’s Theme""",–,Tanuj Tiku,Instrumental,2:27
Tiger 3,"""Tiger x Pathaan Theme""",–,"Tanuj Tiku, Julius Packiam, Sanchit Balhara and Ankit Balhara",Instrumental,4:16
Tiger 3,21:09
Merry Christmas,"""Merry Christmas - Title Track""",Ash King,2:32
Merry Christmas,"""Nazar Teri Toofan""",Papon,4:03
Merry Christmas,"""Raat Akeli Thi""","Arijit Singh, Antara Mitra",4:24
Merry Christmas,"""Dil Ki Mez""",Shalmali Kholgade,3:37
Merry Christmas,14:36
Chandu Champion,"""Satyanaas""",Amitabh Bhattacharya,"Arijit Singh, Nakash Aziz, Dev Negi",3:25
Chandu Champion,"""Tu Hai Champion""",I.P Singh,"Arijit Singh, Amit Mishra",TBA
Metro In Dino,Alvida,Amitabh Verma,KK,N
Metro In Dino,Alvida (Reprise),Amitabh Verma,Fahruk Mahfuz Anam (James),Y
Metro In Dino,Baatein Kuch Ankahein Si,Sandeep Srivastava,Adnan Sami,N
Metro In Dino,Baatein Kuch Ankahein Si (Unplugged),Sandeep Srivastava,Suhail Kaul,Y
Metro In Dino,Baatein Kuch Ankahein Si (Remix),Sandeep Srivastava,Adnan Sami,N,DJ A-Myth
Metro In Dino,In Dino,Sayeed Quadri,Soham Chakraborty,Y
Metro In Dino,In Dino (Reprise),Sayeed Quadri,Roopkumar Rathod,N,Bunty Rajput
Metro In Dino,Kar Salaam,Sayeed Quadri,Soham Chakraborty Pritam ChakrabortySuhail Kaul,Y
Metro In Dino,O Meri Jaan,Sandeep Srivastava,KK,N
Metro In Dino,O Meri Jaan (Reprise),Sandeep Srivastava,Suhail Kaul & K. K.,Y
Metro In Dino,Rishtey,Sayeed Quadri,Fahruk Mahfuz Anam (James),Y
Metro In Dino,Rishtey (Remix),Sayeed Quadri,Fahruk Mahfuz Anam (James),N,DJ Nikhil ChinappaDJ Naved
Bodyguard,"""Bodyguard""",Shabbir Ahmed,Himesh Reshammiya,"Salman Khan, Band of Power",3:41
Bodyguard,"""I Love You""",Neelesh Misra,Pritam,"Ash King, Clinton Cerejo",4:20
Bodyguard,"""Desi Beat""",Shabbir Ahmed,Himesh Reshammiya,"Mika Singh, Amrita Kak",4:12
Bodyguard,"""Teri Meri""",Shabbir Ahmed,Himesh Reshammiya,"Rahat Fateh Ali Khan, Shreya Ghoshal",5:27
Bodyguard,"""Desi Beat"" (Remix)",Shabbir Ahmed,Himesh Reshammiya,"Mika Singh, Amrita Kak",3:48
Bodyguard,"""Teri Meri"" (Reprise)",Shabbir Ahmed,Himesh Reshammiya,"Rahat Fateh Ali Khan, Shreya Ghoshal",3:41
Bodyguard,"""Teri Meri"" (Remix)",Shabbir Ahmed,Himesh Reshammiya,"Rahat Fateh Ali Khan, Shreya Ghoshal",5:27
Bodyguard,"""Bodyguard"" (Remix)",Shabbir Ahmed,Himesh Reshammiya,"Salman Khan, Band of Power",3:28
Bodyguard,"""Desi Beat"" (Punjabi Hip-Hop Mix)",Shabbir Ahmed,Himesh Reshammiya,"Alamgir Khan, Amrita Kak",3:58
Bodyguard,"""I Love You"" (Remix)",Neelesh Misra,Pritam,"Ash King, Clinton Cerejo",4:20
Bodyguard,"""I Love You"" (Unplugged)",Neelesh Misra,Pritam,"Shaan Mukherjee, Clinton Cerejo",4:11
Bodyguard,"""Theme"" (Instrumental)",—,Himesh Reshammiya,Instrumental,2:30
Bodyguard,48:16
Barfi!,"""Ala Barfi""",Swanand Kirkire,Mohit Chauhan,5:19
Barfi!,"""Main Kya Karoon""",Ashish Pandit,Nikhil Paul George,4:30
Barfi!,"""Phir Le Aya Dil""",Sayeed Quadri,Rekha Bhardwaj,5:05
Barfi!,"""Kyon""",Neelesh Misra,"Papon, Sunidhi Chauhan",4:26
Barfi!,"""Aashiyan""",Swanand Kirkire,"Shreya Ghoshal, Nikhil Paul George",3:56
Barfi!,"""Saawali Si Raat""",Swanand Kirkire,Arijit Singh,5:08
Barfi!,"""Ala Barfi"" (Reprise)",Swanand Kirkire,Swanand Kirkire,5:41
Barfi!,"""Phir Le Aya Dil"" (Reprise)",Sayeed Quadri,Arijit Singh,4:45
Barfi!,"""Phir Le Aya Dil"" (Redux)",Sayeed Quadri,Shafqat Amanat Ali,5:03
Barfi!,"""Aashiyan"" (Solo)",Swanand Kirkire,Nikhil Paul George,4:08
Barfi!,"""Fataafati""",Amitabh Bhattacharya,"Arijit Singh, Nakash Aziz, Pritam Chakraborty, Ranbir Kapoor",3:46
Yeh Jawaani Hai Deewani,"""Badtameez Dil""","Benny Dayal, Shefali Alvares",4:13
Yeh Jawaani Hai Deewani,"""Balam Pichkari""","Vishal Dadlani, Shalmali Kholgade",4:50
Yeh Jawaani Hai Deewani,"""Ilahi""",Arijit Singh,3:46
Yeh Jawaani Hai Deewani,"""Kabira""","Rekha Bhardwaj, Tochi Raina",3:42
Yeh Jawaani Hai Deewani,"""Dilliwaali Girlfriend""","Arijit Singh, Sunidhi Chauhan",4:18
Yeh Jawaani Hai Deewani,"""Subhanallah""","Sreerama Chandra, Shilpa Rao",4:09
Yeh Jawaani Hai Deewani,"""Ghagra""","Vishal Dadlani, Rekha Bhardwaj",5:03
Yeh Jawaani Hai Deewani,"""Kabira"" (Encore)","Arijit Singh, Harshdeep Kaur",4:28
Yeh Jawaani Hai Deewani,"""Ilahi"" (Reprise)",Mohit Chauhan,3:55
Yeh Jawaani Hai Deewani,38:24
Dhoom 3,"""Malang""",Sameer Anjaan,"Siddharth Mahadevan, Shilpa Rao, Mauzzam, Rizwan, Shadaab Faridi",4:33
Dhoom 3,"""Kamli""",Amitabh Bhattacharya,Sunidhi Chauhan,3:55
Dhoom 3,"""Tu Hi Junoon""",Kausar Munir,Mohit Chauhan,5:02
Dhoom 3,"""Dhoom Machale Dhoom""",Sameer Anjaan,Aditi Singh Sharma,3:56
Dhoom 3,"""Bande Hain Hum Uske""","Shivam Mahadevan, Anish Sharma",3:05
Dhoom 3,"""Dhoom Tap""",Instrumental,2:47
Dhoom 3,"""Dhoom : 3 Overture""",Instrumental,4:10
Dhoom 3,"""Dhoom Machale Dhoom"" (Arabic)",Naya,3:48
Dhoom 3,"""Dhoom Machale Dhoom"" (Spanish)",Mia Mont,3:47
Dhoom 3,27:24
Ae Dil Hai Mushkil,"""Ae Dil Hai Mushkil""",Arijit Singh,4:29
Ae Dil Hai Mushkil,"""Bulleya""","Amit Mishra, Shilpa Rao",5:49
Ae Dil Hai Mushkil,"""Channa Mereya""",Arijit Singh,4:49
Ae Dil Hai Mushkil,"""The Breakup Song""","Arijit Singh, Jonita Gandhi, Badshah, Nakash Aziz",4:12
Ae Dil Hai Mushkil,"""Cutipie""","Pardeep Singh Sran, Nakash Aziz",3:51
Ae Dil Hai Mushkil,"""Alizeh""","Arijit Singh, Ash King, Shashwat Singh",4:42
Ae Dil Hai Mushkil,27:54
Dangal,"""Haanikaarak Bapu""","Sarwar Khan, Sartaz Khan Barna",4:22
Dangal,"""Dhaakad""",Raftaar,2:56
Dangal,"""Gilehriyaan""","Jonita Gandhi, Neha Kakkar",3:40
Dangal,"""Dangal""",Daler Mehandi,4:59
Dangal,"""Naina""",Arijit Singh,3:45
Dangal,"""Dhaakad"" (Aamir Khan version)",Aamir Khan,2:56
Dangal,"""Idiot Banna""",Nooran Sisters,4:08
Dangal,26:46
Jagga Jasoos,"""Ullu Ka Pattha""",Amitabh Bhattacharya,"Arijit Singh, Nikhita Gandhi, Vivianne Pocha",3:31
Jagga Jasoos,"""Galti Se Mistake""",Amitabh Bhattacharya,"Amit Mishra, Arijit Singh, Shubhanshu Kesharwani",3:23
Jagga Jasoos,"""Jhumritalaiyya""",Neelesh Misra,"Arijit Singh, Mohan Kanan",3:59
Jagga Jasoos,"""Phir Wahi""",Amitabh Bhattacharya,Arijit Singh,4:13
Jagga Jasoos,"""Musafir""",Amitabh Bhattacharya,Tushar Joshi,4:42
Jagga Jasoos,"""Khaana Khaake""",Amitabh Bhattacharya,"Pritam, Amitabh Bhattacharya, Tushar Joshi, Geet Sagar, June Banerjee, Antara Mitra, Amit Mishra, Ashwin Kulkarni, Aaroh Velanker, Ananya Wadkar, Sunny M.R.",3:19
Jagga Jasoos,23:07
Jab Harry Met Sejal,"""Radha""","Sunidhi Chauhan, Shahid Mallya",5:02
Jab Harry Met Sejal,"""Beech Beech Mein""","Arijit Singh, Shalmali Kholgade, Shefali Alvares",3:26
Jab Harry Met Sejal,"""Safar""",Arijit Singh,6:05
Jab Harry Met Sejal,"""Butterfly""","Dev Negi, Sunidhi Chauhan, Aman Trikha, Nooran Sisters",3:57
Jab Harry Met Sejal,"""Hawayein""",Arijit Singh,4:50
Jab Harry Met Sejal,"""Parinda""",Pardeep Singh Sran,3:12
Jab Harry Met Sejal,"""Ghar""","Nikhita Gandhi, Mohit Chauhan",3:41
Jab Harry Met Sejal,"""Yaadon Mein""","Jonita Gandhi, Mohammed Irfan, Cuca Roseta, Arjun Chandy",5:35
Jab Harry Met Sejal,"""Raula""","Diljit Dosanjh, Neeti Mohan",4:16
Jab Harry Met Sejal,"""Jee Ve Sohaneya""",Nooran Sisters,4:10
Jab Harry Met Sejal,"""Phurrr"" (Film Version)","Mohit Chauhan, Tushar Joshi",3:25
Jab Harry Met Sejal,"""Hawayein"" (Film Version)",Arijit Singh,5:07
Jab Harry Met Sejal,"""Parinda"" (Searching)","Tochi Raina, Nikhil D'Souza",4:16
Jab Harry Met Sejal,57:11
Kalank,"""Ghar More Pardesiya""",Shreya Ghoshal,5:19
Kalank,"""First Class""","Arijit Singh, Neeti Mohan",4:36
Kalank,"""Kalank - Title Track""",Arijit Singh,5:11
Kalank,"""Tabaah Ho Gaye""",Shreya Ghoshal,5:42
Kalank,"""Aira Gaira"" (Extended)","Antara Mitra, Javed Ali, Tushar Joshi",5:41
Kalank,"""Rajvaadi Odhni""",Jonita Gandhi,4:00
Kalank,"""Kalank - Title Track"" (Duet Version)","Arijit Singh, Shilpa Rao",5:11
Kalank,"""Ghar More Pardesiya"" (Radio Edit)","Shreya Ghoshal, Vaishali Mhade",4:18
Kalank,"""Aira Gaira""","Antara Mitra, Javed Ali, Tushar Joshi",4:48
Kalank,"""Kalank - Title Track"" (Bonus Track)","Arijit Singh, Shilpa Rao",5:08
Kalank,49:54
The Sky Is Pink,"""Dil Hi Toh Hai""","Arijit Singh, Antara Mitra",4:40
The Sky Is Pink,"""Nadaaniyaan""","Arjun Kanungo, Lisa Mishra",4:18
The Sky Is Pink,"""Zindagi""",Arijit Singh,4:09
The Sky Is Pink,"""Pink Gulaabi Sky""","Shashwat Singh, Jonita Gandhi",3:20
The Sky Is Pink,"""Dil Hi Toh Hai"" (Reprise)","Sreerama Chandra, Antara Mitra",4:41
The Sky Is Pink,21:08
Ludo,"""Aabaad Barbaad""",Sandeep Shrivastava,Arijit Singh,5:09
Ludo,"""Hardum Humdum"" (Male)",Sayeed Quadri,Arijit Singh,3:08
Ludo,"""Meri Tum Ho""","Sandeep Shrivastava, Shloke Lal","Jubin Nautiyal, Ash King",3:47
Ludo,"""Dil Julaha""",Swanand Kirkire,Darshan Raval,3:38
Ludo,"""Hardum Humdum"" (Film Version)",Sayeed Quadri,Arijit Singh,4:25
Ludo,"""Meri Tum Ho"" (Unplugged)","Sandeep Shrivastava, Shloke Lal","Jubin Nautiyal, Ash King",3:33
Ludo,"""Hardum Humdum"" (Female)","Sayeed Quadri, Shloke Lal",Shilpa Rao,3:08
Ludo,26:48
83,"""Lehra Do""",Kausar Munir,Arijit Singh,3:37
83,"""Jeetega Jeetega"" (Film Version)",Kausar Munir,Arijit Singh,3:57
83,"""Bigadne De""",Ashish Pandit,Benny Dayal,4:18
83,"""Utth Ja Ziddi Re"" (Film Version)",Prashant Ingole,Tushar Joshi,3:58
83,"""Yeh Hausle""",Kausar Munir,K.K.,4:03
83,"""Sakht Jaan""",Jaideep Sahni,Amit Mishra,3:52
83,"""Lehra Do"" (Film Version)",Kausar Munir,Arijit Singh,3:20
83,"""Yeh Hausle"" (Reprise)",Kausar Munir,Papon,3:18
83,"""Victory at Lords""",—,Instrumental,4:56
83,"""Lehra Do"" (Extended)",Kausar Munir,Arijit Singh,3:59
83,"""Utth Ja Ziddi Re""",Prashant Ingole,Raghav Chaitanya,3:58
83,"""The Bouncer""",—,Instrumental,4:01
83,"""World Record 175*""",—,Instrumental,1:42
83,"""Jeetega Jeetega"" (Bonus Track)",Kausar Munir,Arijit Singh,4:48
83,53:47
Brahmāstra: Part One – Shiva,"""Kesariya""",Arijit Singh,4:29
Brahmāstra: Part One – Shiva,"""Deva Deva""","Arijit Singh, Jonita Gandhi",4:39
Brahmāstra: Part One – Shiva,"""Dance Ka Bhoot""",Arijit Singh,4:05
Brahmāstra: Part One – Shiva,"""Rasiya""","Tushar Joshi, Shreya Ghoshal",4:25
Brahmāstra: Part One – Shiva,"""Shiva Theme""",Javed Ali,3:11
Brahmāstra: Part One – Shiva,"""Dev Theme""",SlowCheeta,2:54
Brahmāstra: Part One – Shiva,"""Kesariya (Dance Mix)""","Shashwat Singh, Antara Mitra, Arijit Singh",3:17
Brahmāstra: Part One – Shiva,"""Rasiya (Reprise)""",Arijit Singh,4:45
Brahmāstra: Part One – Shiva,"""Kesariya (Film Version)""","Arijit Singh, Antara Mitra",4:22
Brahmāstra: Part One – Shiva,"""Deva Deva (Film Version)""","Arijit Singh, Jonita Gandhi",6:15
Brahmāstra: Part One – Shiva,"""Dance Ka Bhoot (Film Version)""",Arijit Singh,5:05
Brahmāstra: Part One – Shiva,37:59
Tu Jhoothi Main Makkaar,"""Tere Pyaar Mein""","Arijit Singh, Nikhita Gandhi",4:26
Tu Jhoothi Main Makkaar,"""Pyaar Hota Kayi Baar Hai""","Arijit Singh, Charan",3:36
Tu Jhoothi Main Makkaar,"""O Bedardeya""",Arijit Singh,5:13
Tu Jhoothi Main Makkaar,"""Show Me The Thumka""","Shashwat Singh, Sunidhi Chauhan",3:56
Tu Jhoothi Main Makkaar,"""Jaadui""",Jubin Nautiyal,3:42
Tu Jhoothi Main Makkaar,"""Maine Pi Rakhi Hai""","Shreya Ghoshal, Divya Kumar",4:07
Tu Jhoothi Main Makkaar,25:00
Animal,"""Arjan Vailly""",Bhupinder Babbal,Manan Bhardwaj,Bhupinder Babbal,3:02
Animal,"""Hua Main""",Manoj Muntashir,"Pritam, JAM8[a]",Raghav Chaitanya,4:37
Animal,"""Satranga""",Siddharth–Garima,Shreyas Puranik,Arijit Singh,4:31
Animal,"""Papa Meri Jaan""",Raj Shekhar,Harshavardhan Rameshwar,Sonu Nigam,5:22
Animal,"""Pehle Bhi Main""",Raj Shekhar,Vishal Mishra,Vishal Mishra,4:10
Animal,"""Kashmir""",Manan Bhardwaj,Manan Bhardwaj,"Shreya Ghoshal, Manan Bhardwaj",3:36
Animal,"""Saari Duniya Jalaa Denge""",Jaani,Jaani,B Praak,3:02
Animal,"""Haiwaan""",Ashim Kemson,Ashim Kemson,Ashim Kemson,2:42
Animal,31:03
Dunki,"""Lutt Putt Gaya""","Swanand Kirkire, IP Singh",Arijit Singh,3:42
Dunki,"""Nikle The Kabhi Hum Ghar Se""",Javed Akhtar,Sonu Nigam,5:00
Dunki,"""O Maahi""",Irshad Kamil,Arijit Singh,3:53
Dunki,"""Chal Ve Watna""",Varun Grover,Javed Ali,4:12
Dunki,"""Banda""",Kumaar,Diljit Dosanjh,2:48
Dunki,"""Main Tera Rasta Dekhunga""",Amitabh Bhattacharya,"Vishal Mishra, Shreya Ghoshal, Shadaab Faridi, Altamash Faridi",4:06
Dunki,"""Main Tera Rasta Dekhunga"" (Film Version)",Amitabh Bhattacharya,"Shadaab Faridi, Altamash Faridi",5:14
Dunki,"""Waheguru"" (Music by: Shekhar Ravjiani)",Traditional,Ajay Bijli,3:34
Dunki,32:29
Speed,1,3.600000,2.236936*,1.943844*,3.280840*
Speed,0.277778*,1,0.621371*,0.539957*,0.911344*
Speed,0.44704,1.609344,1,0.868976*,1.466667*
Speed,0.514444*,1.852,1.150779*,1,1.687810*
Speed,0.3048,1.09728,0.681818*,0.592484*,1
Jannat,1,Zara Sa,K.K.,Pritam,5:03
Jannat,2,Judaai,Kamran Ahmed,Kamran Ahmed,5:02
Jannat,3,Haan Tu Hain,K.K.,Pritam,5:25
Jannat,4,Door Na Jaa (Not In Movie),Rana Mazumdar,Pritam,5:51
Jannat,5,Jannat Jahan,"Rupam Islam, Sachet Tandon",Pritam,3:43
Jannat,6,Lambi Judaai,Richa Sharma,Pritam,4:48
Jannat,7,Zara Sa (Power Ballad),K.K.,Pritam,5:28
Jannat,8,Judaai (Kilogram Mix),Kamran Ahmed,Pritam,4:38
Jannat,9,Zara Sa Reprise,Silk Route,Pritam,4:48
Ek: The Power of One,1,"""Sambhale""","Sukhwinder Singh, Sunidhi Chauhan",Shabbir Ahmed,5:45
Ek: The Power of One,2,"""Sona Lagda""",Shashwati Phukan,Shabbir Ahmed,5:09
Ek: The Power of One,3,"""Tum Saath Ho""","Shreya Ghoshal, Abhijeet Bhattacharya",Shabbir Ahmed,5:21
Ek: The Power of One,4,"""Bang Bang""",Rana Mazumder,Mayur Puri,5:40
Ek: The Power of One,5,"""Sona Lagda"" (Kilogram Mix)",Shashwati Phukan,Shabbir Ahmed,3:54
Tum Mile
Tum Mile,Bollywood Hungama,[3]
Tum Mile,Glamsham,[4]
Tum Mile,Glamsham,[5]
Kucch Luv Jaisaa,1,"""Naina""","Mohit Chauhan, Monali Thakur",5:30
Kucch Luv Jaisaa,2,"""Thoda Sa Pyaar""","Sunidhi Chauhan, Anupam Amod",4:52
Kucch Luv Jaisaa,3,"""Badal Pe Paaon""",Mannan Shah,4:19
Kucch Luv Jaisaa,4,"""Khwab"" (Rock)",Nikhil D'Souza,4:41
Kucch Luv Jaisaa,5,"""Thoda Sa Pyaar"" (Raghav’s Search for Love)",Mannan Shah,5:31
Kucch Luv Jaisaa,6,"""Khwab"" (Raghav’s Confession)",Nikhil D'Souza,5:13
Kucch Luv Jaisaa,7,"""Thoda Sa Pyaar"" (Madhu’s Search for Love)","Naresh Iyer, Shefali Alvaris",5:31
